iteration,price,units_sold_day,revenue_day,units_sold_cum,revenue_cum
1,0.8149249066030035,28190,22972.73311713867,28190,22972.73311713867
2,0.8189429843050565,26540,21734.7468034562,54730,44707.479920594866
3,0.8130142984612808,28840,23447.332367623338,83570,68154.8122882182
4,0.813013680992009,27690,22512.348826668727,111260,90667.16111488693
5,0.8119877314445799,27700,22492.060161014862,138960,113159.22127590179
6,0.8120012866482745,27690,22484.31562729072,166650,135643.53690319252
7,0.8119344624379534,27690,22482.46526490693,194340,158126.00216809945
8,0.8121228562879578,27690,22487.681890613552,222030,180613.684058713
9,0.8129132104630158,27700,22517.69592982554,249730,203131.37998853854
10,0.8139616434867907,27690,22538.597908149233,277420,225669.97789668778
11,0.8206393872889836,27690,22723.504634031953,305110,248393.48253071972
12,0.8480644520210677,27690,23482.904676463364,332800,271876.38720718306
13,0.8482162402497235,27690,23487.107692514845,360490,295363.4948996979
14,0.852699312897188,27700,23619.77096725211,388190,318983.26586695
15,0.8526637421184395,27690,23610.259019259593,415880,342593.5248862096
16,0.8635858698686604,27690,23912.692736663204,443570,366506.2176228728
17,0.864176293488095,27690,23929.04156668535,471260,390435.25918955816
18,0.8642078216590189,27700,23938.556659954822,498960,414373.815849513
19,0.863033271763748,0,0.0,498960,414373.815849513
20,0.8630533038622524,0,0.0,498960,414373.815849513
21,0.862957647078312,0,0.0,498960,414373.815849513
22,0.8603653304408011,0,0.0,498960,414373.815849513
23,0.860364840367212,0,0.0,498960,414373.815849513
24,0.865975995219679,0,0.0,498960,414373.815849513
25,0.8665179915333021,0,0.0,498960,414373.815849513
26,0.8702983782108338,0,0.0,498960,414373.815849513
27,0.8706882148181604,0,0.0,498960,414373.815849513
28,0.8709992947716317,0,0.0,498960,414373.815849513
29,0.8686187975723149,0,0.0,498960,414373.815849513
30,0.868715524980239,0,0.0,498960,414373.815849513
31,0.8437406656528655,0,0.0,498960,414373.815849513
32,0.8437846168054135,0,0.0,498960,414373.815849513
33,0.8435144654253808,130810,110340.12722229406,629770,524713.943071807
34,0.8434397051891572,42390,35753.40910296838,672160,560467.3521747754
35,0.8660612344209397,191250,165634.21108300472,863410,726101.5632577802
36,0.8684199627575774,0,0.0,863410,726101.5632577802
37,0.8686449026541422,161700,140459.8807591748,1025110,866561.444016955
38,0.8686209995139126,0,0.0,1025110,866561.444016955
39,0.868527959874724,0,0.0,1025110,866561.444016955
40,0.8614362386189652,83080,71568.12270446363,1108190,938129.5667214186
41,0.8612053982259178,0,0.0,1108190,938129.5667214186
42,0.8551643592735795,34470,29477.515464160286,1142660,967607.0821855789
43,0.8536446611976422,0,0.0,1142660,967607.0821855789
44,0.8534919719791378,76300,65121.437462008216,1218960,1032728.5196475871
45,0.8504169533116347,0,0.0,1218960,1032728.5196475871
46,0.850459260126116,43820,37267.1247787264,1262780,1069995.6444263135
47,0.8503908674256317,0,0.0,1262780,1069995.6444263135
48,0.8517720297256578,66950,57026.13739013279,1329730,1127021.7818164462
49,0.8509435462542245,0,0.0,1329730,1127021.7818164462
50,0.850944192530547,0,0.0,1329730,1127021.7818164462
51,0.8509603196604069,83070,70689.27375419,1412800,1197711.0555706362
52,0.847983489072885,0,0.0,1412800,1197711.0555706362
53,0.8470959575330435,55390,46920.64508775528,1468190,1244631.7006583915
54,0.847076589287457,27690,23455.550757369685,1495880,1268087.2514157612
55,0.8509897427850329,27690,23563.90597771756,1523570,1291651.1573934788
56,0.8595127581025114,0,0.0,1523570,1291651.1573934788
57,0.8594656499511872,55390,47605.802350796264,1578960,1339256.959744275
58,0.8593729521564869,0,0.0,1578960,1339256.959744275
59,0.8593875325734277,55380,47592.88155391643,1634340,1386849.8412981916
60,0.8594227376008181,27690,23797.415604166654,1662030,1410647.2569023583
61,0.853800315949141,0,0.0,1662030,1410647.2569023583
62,0.8537146426018022,55390,47287.25405371383,1717420,1457934.510956072
63,0.8536993752399032,0,0.0,1717420,1457934.510956072
64,0.82257326170979,55380,45554.10723348817,1772800,1503488.6181895602
65,0.8936741431220332,27690,24745.8370230491,1800490,1528234.4552126094
66,0.8929150656214101,27700,24733.74731771306,1828190,1552968.2025303224
67,0.8999270979969315,0,0.0,1828190,1552968.2025303224
68,0.8999244259415266,55380,49837.81470864174,1883570,1602806.017238964
69,0.8999665272583632,0,0.0,1883570,1602806.017238964
70,0.8945440671985357,55390,49548.79588212689,1938960,1652354.8131210909
71,0.8793289170704752,27690,24348.61771368146,1966650,1676703.4308347723
72,0.8793952809162641,0,0.0,1966650,1676703.4308347723
73,0.8711838406881779,55380,48246.16109731129,2022030,1724949.5919320835
74,0.8711354341720121,0,0.0,2022030,1724949.5919320835
75,0.8726342524510656,0,0.0,2022030,1724949.5919320835
76,0.8725974932898992,83080,72495.39974252482,2105110,1797444.9916746083
77,0.8729736946671245,0,0.0,2105110,1797444.9916746083
78,0.8701841940110944,55380,48190.800664334405,2160490,1845635.7923389426
79,0.8702102604137454,0,0.0,2160490,1845635.7923389426
80,0.8560933098106813,55390,47419.00843041364,2215880,1893054.8007693563
81,0.8610224164369452,0,0.0,2215880,1893054.8007693563
82,0.8609129128777269,55380,47677.35711516852,2271260,1940732.157884525
83,0.8640589283814898,0,0.0,2271260,1940732.157884525
84,0.8640913980419523,55390,47862.02253754374,2326650,1988594.1804220686
85,0.8633450315792224,0,0.0,2326650,1988594.1804220686
86,0.8604789701368958,55380,47653.325366181285,2382030,2036247.50578825
87,0.8557261111484215,0,0.0,2382030,2036247.50578825
88,0.8547557004562407,55390,47344.91824827118,2437420,2083592.424036521
89,0.8547470786178761,0,0.0,2437420,2083592.424036521
90,0.8606739904408924,55380,47664.125590616626,2492800,2131256.549627138
91,0.8631920748744977,27690,23901.78855327484,2520490,2155158.3381804125
92,0.8634816980432202,0,0.0,2520490,2155158.3381804125
93,0.8504775106651736,55390,47107.949315743965,2575880,2202266.2874961565
94,0.850479350540741,0,0.0,2575880,2202266.2874961565
95,0.8586504439118265,55380,47552.061583836956,2631260,2249818.3490799936
96,0.858571146302616,0,0.0,2631260,2249818.3490799936
97,0.8501971694734236,55390,47092.421217132935,2686650,2296910.7702971264
98,0.8469954301627368,0,0.0,2686650,2296910.7702971264
99,0.8502937830648462,0,0.0,2686650,2296910.7702971264
100,0.855090795035536,83080,71040.94325155232,2769730,2367951.713548679
101,0.8550435567295013,0,0.0,2769730,2367951.713548679
102,0.8550159100446926,0,0.0,2769730,2367951.713548679
103,0.854942886355828,83070,71020.10556957863,2852800,2438971.8191182576
104,0.8551976675191227,0,0.0,2852800,2438971.8191182576
105,0.8676693664263679,55390,48060.20620635652,2908190,2487032.0253246143
106,0.8668883260028054,0,0.0,2908190,2487032.0253246143
107,0.8618462237636699,55380,47729.04387203204,2963570,2534761.069196646
108,0.9084921319712853,0,0.0,2963570,2534761.069196646
109,0.9540072086582748,55390,52842.45928758184,3018960,2587603.528484228
110,0.9541348319292517,27690,26419.99349612098,3046650,2614023.521980349
111,0.953505452783695,0,0.0,3046650,2614023.521980349
112,0.9575792932563427,55380,53030.74126053626,3102030,2667054.2632408855
113,0.9575339716353131,0,0.0,3102030,2667054.2632408855
114,0.9573029861602392,0,0.0,3102030,2667054.2632408855
115,0.9570763897989741,83080,79513.90646449877,3185110,2746568.1697053844
116,0.9570756629172175,0,0.0,3185110,2746568.1697053844
117,0.9574406258814143,55380,53023.06186131272,3240490,2799591.2315666974
118,0.9870646242371682,0,0.0,3240490,2799591.2315666974
119,0.9810823914638619,55390,54342.15366318331,3295880,2853933.3852298805
120,0.9812193069721927,0,0.0,3295880,2853933.3852298805
121,0.9814156565253395,55380,54350.7990583733,3351260,2908284.1842882535
122,0.97748782980119,0,0.0,3351260,2908284.1842882535
123,0.9775149861036257,55390,54144.55508027983,3406650,2962428.7393685332
124,0.9838634993996443,0,0.0,3406650,2962428.7393685332
125,0.9841735006344611,55380,54503.528465136456,3462030,3016932.2678336697
126,0.9841793782042061,0,0.0,3462030,3016932.2678336697
127,0.9846650338709775,55390,54540.59622611344,3517420,3071472.864059783
128,0.9846963205238077,0,0.0,3517420,3071472.864059783
129,0.9843159947167194,0,0.0,3517420,3071472.864059783
130,0.9884587603974546,83070,82111.26922621655,3600490,3153584.1332859998
131,0.9907612306896721,0,0.0,3600490,3153584.1332859998
132,0.9911720121704924,55390,54901.017754123575,3655880,3208485.1510401233
133,0.9912654669368627,27690,27448.140779481728,3683570,3235933.291819605
134,0.9912647140891364,0,0.0,3683570,3235933.291819605
135,0.9912373800175439,55390,54904.63847917176,3738960,3290837.930298777
136,0.9913019718105621,0,0.0,3738960,3290837.930298777
137,0.9914750971133088,55380,54907.89087813504,3794340,3345745.8211769117
138,0.9914810020280973,0,0.0,3794340,3345745.8211769117
139,0.9890136231322982,55390,54781.464585298,3849730,3400527.28576221
140,0.9890130597792215,0,0.0,3849730,3400527.28576221
141,0.9920567305294892,55380,54940.10173672311,3905110,3455467.387498933
142,0.9920485661508017,0,0.0,3905110,3455467.387498933
143,0.9914166172029047,55380,54904.652260696865,3960490,3510372.03975963
144,0.9848853110936279,0,0.0,3960490,3510372.03975963
145,0.9848899268213149,55390,54553.05304663263,4015880,3564925.0928062624
146,0.9841501197036756,27690,27251.116814594778,4043570,3592176.209620857
147,0.9841097385865284,27690,27249.99866146097,4071260,3619426.208282318
148,0.9880562275077055,27700,27369.157501963444,4098960,3646795.3657842814
149,0.9878684680309405,0,0.0,4098960,3646795.3657842814
150,0.9879521370592022,55380,54712.789350338615,4154340,3701508.15513462
151,0.9883173999260807,0,0.0,4154340,3701508.15513462
152,0.9180295809384443,0,0.0,4154340,3701508.15513462
153,0.9879409695857341,83080,82078.13575318278,4237420,3783586.290887803
154,0.9880733918661783,0,0.0,4237420,3783586.290887803
155,0.981680300623904,55380,54365.455048551805,4292800,3837951.7459363546
156,0.9817112131710091,0,0.0,4292800,3837951.7459363546
157,0.9817686789588352,55390,54380.16712752989,4348190,3892331.9130638847
158,1.0272915472089543,0,0.0,4348190,3892331.9130638847
159,1.0265594636358217,55380,56850.86309615181,4403570,3949182.7761600367
160,1.0216570878254225,0,0.0,4403570,3949182.7761600367
161,0.9749624890082074,55390,54003.172266164605,4458960,4003185.9484262015
162,0.9585538174376448,0,0.0,4458960,4003185.9484262015
163,0.9587193052965884,55380,53093.87512732507,4514340,4056279.823553527
164,0.9576585952577531,0,0.0,4514340,4056279.823553527
165,0.9500818213420981,55390,52625.03208413881,4569730,4108904.8556376654
166,0.9095014038379754,0,0.0,4569730,4108904.8556376654
167,0.9095447523005473,0,0.0,4569730,4108904.8556376654
168,0.975234358082308,83070,81012.71812589733,4652800,4189917.573763563
169,0.9750597066538754,0,0.0,4652800,4189917.573763563
170,0.977831233645749,55230,54005.61903425471,4708030,4243923.192797817
171,0.9677239521392671,0,0.0,4708030,4243923.192797817
172,0.9692949867058203,55540,53834.64356164126,4763570,4297757.836359459
173,0.9806521097201822,0,0.0,4763570,4297757.836359459
174,0.9546190778633301,53800,51358.50638904716,4817370,4349116.342748506
175,0.9440534732699687,0,0.0,4817370,4349116.342748506
176,0.9441353788600925,56970,53787.39253365947,4874340,4402903.735282166
177,0.9330887655373088,0,0.0,4874340,4402903.735282166
178,0.9329010783158587,55390,51673.39072791541,4929730,4454577.126010082
179,0.9327410570549768,0,0.0,4929730,4454577.126010082
180,0.9257037563384765,55380,51265.47402602483,4985110,4505842.600036107
181,0.9201004315594535,0,0.0,4985110,4505842.600036107
182,0.9035359502751422,55380,50037.82092623738,5040490,4555880.420962344
183,0.9001951476124183,27700,24935.405588863985,5068190,4580815.826551208
184,0.9001998876134486,27690,24926.53488801639,5095880,4605742.361439224
185,0.9038816856353271,27690,25028.483875242207,5123570,4630770.845314466
186,0.9022272944218871,27690,24982.673782542053,5151260,4655753.519097009
187,0.8919547035818796,0,0.0,5151260,4655753.519097009
188,0.9134931308584627,55390,50598.38451825025,5206650,4706351.903615259
189,0.9051785944940857,0,0.0,5206650,4706351.903615259
190,0.9035646886223975,0,0.0,5206650,4706351.903615259
191,0.8720908604951315,83080,72453.30868993553,5289730,4778805.212305194
192,0.8737187802508032,0,0.0,5289730,4778805.212305194
193,0.8761416378404968,55380,48520.72390360671,5345110,4827325.9362088
194,0.8666271896119995,27690,23996.906880356266,5372800,4851322.843089157
195,0.8670991924214128,27690,24009.97663814892,5400490,4875332.819727305
196,0.871057588886224,27700,24128.295212148405,5428190,4899461.114939454
197,0.8717331704115237,0,0.0,5428190,4899461.114939454
198,0.8732749111512423,55380,48361.9645795558,5483570,4947823.07951901
199,0.8949695346927319,0,0.0,5483570,4947823.07951901
200,0.8947915899372955,55390,49562.506166626794,5538960,4997385.585685637
201,0.9003597336689235,0,0.0,5538960,4997385.585685637
202,0.897439557367178,55380,49700.202686994315,5594340,5047085.788372631
203,0.8975013342481171,0,0.0,5594340,5047085.788372631
204,0.8937048875996582,0,0.0,5594340,5047085.788372631
205,0.8934907297890318,83080,74231.20983087276,5677420,5121316.998203504
206,0.8935286235695249,0,0.0,5677420,5121316.998203504
207,0.8936418599629868,55380,49489.88620475021,5732800,5170806.884408254
208,0.8936509988422637,27690,24745.196157942282,5760490,5195552.080566197
209,0.9044704693107893,27700,25053.831999908864,5788190,5220605.912566106
210,0.8975937965758307,27690,24854.37222718475,5815880,5245460.28479329
211,0.8976301784128673,0,0.0,5815880,5245460.28479329
212,0.9020591859000506,55380,49956.037715144805,5871260,5295416.322508435
213,0.8978950047960675,0,0.0,5871260,5295416.322508435
214,0.896707703436396,55390,49668.639693341975,5926650,5345084.962201777
215,0.8951782730681822,27690,24787.486381257964,5954340,5369872.448583035
216,0.8911424449733405,0,0.0,5954340,5369872.448583035
217,0.8859353252675376,55390,49071.95766656891,6009730,5418944.406249603
218,0.8842323404520701,0,0.0,6009730,5418944.406249603
219,0.8825396708945574,55380,48875.04697414059,6065110,5467819.4532237435
220,0.8820932599329419,27690,24425.16236754316,6092800,5492244.615591287
221,0.8833903799352687,0,0.0,6092800,5492244.615591287
222,0.8834955195546527,55390,48936.816828132214,6148190,5541181.432419419
223,0.8829948466772303,0,0.0,6148190,5541181.432419419
224,0.8821555641572646,0,0.0,6148190,5541181.432419419
225,0.8821296776650995,83070,73278.51232363982,6231260,5614459.94474306
226,0.879124453694775,0,0.0,6231260,5614459.94474306
227,0.879132489550414,0,0.0,6231260,5614459.94474306
228,0.852659294793814,83080,70838.93421147007,6314340,5685298.87895453
229,0.9144433361917739,0,0.0,6314340,5685298.87895453
230,0.9141387705382245,0,0.0,6314340,5685298.87895453
231,0.9131614934409444,83080,75865.45687507367,6397420,5761164.3358296035
232,0.9103408942276937,0,0.0,6397420,5761164.3358296035
233,0.910702782437552,55380,50434.72009139163,6452800,5811599.055920995
234,0.9098782186312868,0,0.0,6452800,5811599.055920995
235,0.9082936661214065,55390,50310.386166464705,6508190,5861909.442087459
236,0.9301770414517263,0,0.0,6508190,5861909.442087459
237,0.9295011685358584,55380,51475.774713515835,6563570,5913385.216800976
238,0.9295766338047269,0,0.0,6563570,5913385.216800976
239,0.9294473996582173,55390,51482.091467068654,6618960,5964867.308268044
240,0.9292583746526131,0,0.0,6618960,5964867.308268044
241,0.9291181828014088,55380,51454.56496354202,6674340,6016321.873231586
242,0.9296106167820564,27690,25740.91797869514,6702030,6042062.791210282
243,0.9372763795791296,0,0.0,6702030,6042062.791210282
244,0.9369007790904235,55390,51894.934153818554,6757420,6093957.7253641
245,0.9368822649163798,0,0.0,6757420,6093957.7253641
246,0.9375461908431522,0,0.0,6757420,6093957.7253641
247,0.9246070597777032,83070,76807.1084557338,6840490,6170764.833819834
248,0.9269988752369525,0,0.0,6840490,6170764.833819834
249,0.9272462170095727,55390,51360.16796016023,6895880,6222125.001779994
250,0.935711535779037,0,0.0,6895880,6222125.001779994
251,0.9412667804008615,55380,52127.35429859971,6951260,6274252.356078594
252,0.9136156251276225,0,0.0,6951260,6274252.356078594
253,0.9185695353368545,55390,50879.56656230837,7006650,6325131.922640902
254,0.932750789533898,27690,25827.869362193636,7034340,6350959.792003096
255,0.9404044760186464,27690,26039.79994095632,7062030,6376999.591944053
256,0.9403728998682767,0,0.0,7062030,6376999.591944053
257,0.9275829141179913,55390,51378.81761299554,7117420,6428378.409557048
258,0.9310261371536122,0,0.0,7117420,6428378.409557048
259,0.9311536598856784,0,0.0,7117420,6428378.409557048
260,0.9399750520340376,83070,78083.72757246751,7200490,6506462.137129515
261,0.9509984247515779,0,0.0,7200490,6506462.137129515
262,0.9559240580409752,55390,52948.633574889616,7255880,6559410.770704405
263,0.956170805350923,27690,26476.369600167058,7283570,6585887.140304573
264,0.9562143035990436,0,0.0,7283570,6585887.140304573
265,0.9562496429064076,55390,52966.667720585916,7338960,6638853.808025159
266,0.9798926639468152,0,0.0,7338960,6638853.808025159
267,1.0038405440834608,55380,55592.68933134206,7394340,6694446.497356501
268,1.002623693391024,0,0.0,7394340,6694446.497356501
269,1.0077710590978253,55390,55820.43896342854,7449730,6750266.93631993
270,1.0078303691041521,0,0.0,7449730,6750266.93631993
271,1.0075493109312172,55380,55798.080839370814,7505110,6806065.0171593
272,1.0089275256476493,27690,27937.20318518341,7532800,6834002.220344483
273,1.0073288188384384,0,0.0,7532800,6834002.220344483
274,1.0073524413492427,55390,55797.25172633456,7588190,6889799.472070818
275,1.006908961810978,0,0.0,7588190,6889799.472070818
276,1.0032348809950924,55380,55559.147709508215,7643570,6945358.619780326
277,1.0030613502490346,0,0.0,7643570,6945358.619780326
278,1.0035400233960203,55390,55586.08189590557,7698960,7000944.701676232
279,1.0046948303443546,0,0.0,7698960,7000944.701676232
280,1.004808792851773,55380,55646.31094813119,7754340,7056591.012624363
281,1.004807266584569,0,0.0,7754340,7056591.012624363
282,1.0034799487923844,55390,55582.75436361018,7809730,7112173.766987974
283,1.0033195262668557,0,0.0,7809730,7112173.766987974
284,0.9999006048624633,55380,55374.49549728322,7865110,7167548.262485257
285,1.002809869203277,0,0.0,7865110,7167548.262485257
286,1.002855906107788,55380,55538.1600802493,7920490,7223086.422565507
287,1.001789347058115,0,0.0,7920490,7223086.422565507
288,1.0038453090320605,55390,55602.99166728583,7975880,7278689.414232792
289,1.004050353506893,0,0.0,7975880,7278689.414232792
290,1.0050332372132385,55380,55658.74067686914,8031260,7334348.154909661
291,1.0007689085666576,0,0.0,8031260,7334348.154909661
292,1.0007681485015036,55390,55432.54774549829,8086650,7389780.702655159
293,0.9902009331676955,27690,27418.66383941349,8114340,7417199.366494573
294,0.9901406518633606,0,0.0,8114340,7417199.366494573
295,0.9901491843909882,55390,54844.36332341684,8169730,7472043.729817989
296,0.9901410464500742,0,0.0,8169730,7472043.729817989
297,0.9901616307404297,55380,54835.151110405,8225110,7526878.880928394
298,0.9892339718100189,0,0.0,8225110,7526878.880928394
299,0.9862372648414811,55380,54617.819726921225,8280490,7581496.700655316
300,0.9863451621507907,0,0.0,8280490,7581496.700655316
301,0.9970242377040346,55390,55225.172526426475,8335880,7636721.873181743
302,0.9970249949260155,0,0.0,8335880,7636721.873181743
303,0.9955248925007139,55380,55132.168546689536,8391260,7691854.041728432
304,0.9956436816629978,0,0.0,8391260,7691854.041728432
305,0.9897203243806192,0,0.0,8391260,7691854.041728432
306,0.9820485925761656,83080,81588.59707122784,8474340,7773442.63879966
307,0.9819285309496704,0,0.0,8474340,7773442.63879966
308,0.9831350816309932,55390,54455.85217154071,8529730,7827898.4909712
309,0.9830260793276895,27690,27219.99213658372,8557420,7855118.483107784
310,0.9803087460040437,0,0.0,8557420,7855118.483107784
311,0.9804345168160545,55380,54296.4635412731,8612800,7909414.946649057
312,0.9802608019412168,0,0.0,8612800,7909414.946649057
313,0.9630467848751549,55390,53343.16141423483,8668190,7962758.108063292
314,0.9633241088773767,27690,26674.444574814563,8695880,7989432.552638106
315,0.9818568797280235,0,0.0,8695880,7989432.552638106
316,0.9818561340259446,55380,54375.19270235681,8751260,8043807.745340463
317,0.9822639795901766,0,0.0,8751260,8043807.745340463
318,0.9822514037725207,55390,54406.90525495992,8806650,8098214.650595423
319,0.98220616021456,0,0.0,8806650,8098214.650595423
320,0.9634142415694061,55380,53353.88069811371,8862030,8151568.531293537
321,0.9637497031361366,0,0.0,8862030,8151568.531293537
322,0.9640427806565021,0,0.0,8862030,8151568.531293537
323,0.9664930089220801,83080,80296.23918124642,8945110,8231864.770474783
324,0.9666448211895696,0,0.0,8945110,8231864.770474783
325,0.9630686248223084,55380,53334.74044265944,9000490,8285199.510917443
326,0.962857369229222,0,0.0,9000490,8285199.510917443
327,0.9628884462531804,55390,53334.39103796366,9055880,8338533.901955406
328,0.9620083666491217,0,0.0,9055880,8338533.901955406
329,0.9619976436374206,0,0.0,9055880,8338533.901955406
330,0.9624241663234835,83080,79958.199738155,9138960,8418492.101693561
331,0.9751738472282643,0,0.0,9138960,8418492.101693561
332,0.9723904706040313,55380,53850.98426205125,9194340,8472343.085955612
333,0.9708508926349535,0,0.0,9194340,8472343.085955612
334,0.964356173216297,55390,53415.68843445069,9249730,8525758.774390062
335,0.9687058905425445,0,0.0,9249730,8525758.774390062
336,0.965546514359757,55380,53471.96596524335,9305110,8579230.740355305
337,0.9546879988684387,0,0.0,9305110,8579230.740355305
338,0.9547541505694753,55380,52874.28485853755,9360490,8632105.025213843
339,0.9763374121892201,0,0.0,9360490,8632105.025213843
340,0.9766768237352114,0,0.0,9360490,8632105.025213843
341,0.9755165989422558,83080,81045.91904012262,9443570,8713150.944253966
342,0.9781711590405189,0,0.0,9443570,8713150.944253966
343,0.9785471089480391,55390,54201.72436463188,9498960,8767352.668618599
344,0.979102551892063,27690,27111.349661891225,9526650,8794464.01828049
345,0.9787977750322384,0,0.0,9526650,8794464.01828049
346,0.9416436013802258,55380,52148.22264443691,9582030,8846612.240924926
347,0.9528918916728626,0,0.0,9582030,8846612.240924926
348,0.9528913488951228,55390,52780.65181530085,9637420,8899392.892740227
349,0.9513639162591035,0,0.0,9637420,8899392.892740227
350,0.9461702483146222,55380,52398.90835166378,9692800,8951791.80109189
351,0.9460726973551606,0,0.0,9692800,8951791.80109189
352,0.934201366999255,55390,51745.413718088734,9748190,9003537.21480998
353,0.9330645742314335,0,0.0,9748190,9003537.21480998
354,0.9329369107909347,55380,51666.04611960196,9803570,9055203.260929583
355,0.9328183933884016,0,0.0,9803570,9055203.260929583
356,0.9328687376344691,0,0.0,9803570,9055203.260929583
357,0.9328680291382173,83080,77502.6758608031,9886650,9132705.936790386
358,0.9291978731679245,0,0.0,9886650,9132705.936790386
359,0.9292957269874655,0,0.0,9886650,9132705.936790386
360,0.9293199885433103,83080,77207.90464817823,9969730,9209913.841438564
361,0.9276584427813184,0,0.0,9969730,9209913.841438564
362,0.962727482612657,55380,53315.84798708894,10025110,9263229.689425653
363,0.9647586597710605,0,0.0,10025110,9263229.689425653
364,0.9652316454969065,55380,53454.528527618684,10080490,9316684.217953272
365,0.9500845658958269,0,0.0,10080490,9316684.217953272
366,0.9486142336484491,55390,52543.7424017876,10135880,9369227.96035506
367,0.9487378814963413,0,0.0,10135880,9369227.96035506
368,0.9548226572179099,55380,52878.07875672785,10191260,9422106.039111787
369,0.9279582745432094,0,0.0,10191260,9422106.039111787
370,0.9231615742876643,55390,51133.91959979373,10246650,9473239.958711581
371,0.9228795202932066,0,0.0,10246650,9473239.958711581
372,0.9233208194206107,55380,51133.50697951342,10302030,9524373.465691095
373,0.9196672977563437,0,0.0,10302030,9524373.465691095
374,0.901509547426789,0,0.0,10302030,9524373.465691095
375,0.8959299833400188,83080,74433.86301588877,10385110,9598807.328706983
376,0.8935670402902481,0,0.0,10385110,9598807.328706983
377,0.894241549365743,0,0.0,10385110,9598807.328706983
378,0.8943104230214654,83080,74299.30994462334,10468190,9673106.638651608
379,0.8919380949158981,0,0.0,10468190,9673106.638651608
380,0.9293931615671751,0,0.0,10468190,9673106.638651608
381,0.9537307090857843,83070,79226.4100037561,10551260,9752333.048655363
382,0.9580905853264133,0,0.0,10551260,9752333.048655363
383,0.9577715456056644,0,0.0,10551260,9752333.048655363
384,0.961195087349168,83080,79856.08785696888,10634340,9832189.136512332
385,0.9661111733572404,0,0.0,10634340,9832189.136512332
386,0.9657201613649319,0,0.0,10634340,9832189.136512332
387,0.948242010573048,83080,78779.94623840883,10717420,9910969.082750741
388,0.9480998819456737,0,0.0,10717420,9910969.082750741
389,0.9774148174177519,0,0.0,10717420,9910969.082750741
390,0.9366702084811629,83070,77809.1942185302,10800490,9988778.27696927
391,0.9368477929524514,0,0.0,10800490,9988778.27696927
392,0.9355410197331984,55390,51819.617083021854,10855880,1.0040597894052293E7
393,0.9355044764553947,0,0.0,10855880,1.0040597894052293E7
394,0.9363123651222918,55380,51852.97878047252,10911260,1.0092450872832766E7
395,0.9363047229523938,0,0.0,10911260,1.0092450872832766E7
396,0.9545776904609546,55390,52874.058274632276,10966650,1.0145324931107398E7
397,0.996286584947363,27690,27587.17553719248,10994340,1.0172912106644591E7
398,0.9733131136618038,0,0.0,10994340,1.0172912106644591E7
399,0.9731748198163876,55390,53904.153269629714,11049730,1.0226816259914221E7
400,0.9731958436335442,0,0.0,11049730,1.0226816259914221E7
401,0.9733337213997555,55380,53903.22149111846,11105110,1.028071948140534E7
402,0.9734766590082785,0,0.0,11105110,1.028071948140534E7
403,0.9730952207624499,55380,53890.013325824475,11160490,1.0334609494731165E7
404,0.9727397713785688,0,0.0,11160490,1.0334609494731165E7
405,0.9727399560729497,0,0.0,11160490,1.0334609494731165E7
406,0.9728343223617811,83080,80823.07550181678,11243570,1.0415432570232982E7
407,0.9725704228886286,0,0.0,11243570,1.0415432570232982E7
408,0.9721318663225355,55390,53846.38407560524,11298960,1.0469278954308586E7
409,0.9563800167654857,27690,26482.162664236297,11326650,1.0495761116972823E7
410,0.9565466781041867,0,0.0,11326650,1.0495761116972823E7
411,0.9599512355376241,55380,53162.09942407362,11382030,1.0548923216396896E7
412,0.9609903086863949,0,0.0,11382030,1.0548923216396896E7
413,0.9608465986631186,55390,53221.29309995014,11437420,1.0602144509496847E7
414,0.9098905356846099,0,0.0,11437420,1.0602144509496847E7
415,0.9406939155579933,55380,52095.62904360167,11492800,1.0654240138540449E7
416,0.9401884542993729,0,0.0,11492800,1.0654240138540449E7
417,0.940305999074583,0,0.0,11492800,1.0654240138540449E7
418,0.9211017802770847,83080,76525.13590542019,11575880,1.0730765274445869E7
419,0.9219105885741111,0,0.0,11575880,1.0730765274445869E7
420,0.9341842156557475,55380,51735.121863015294,11631260,1.0782500396308884E7
421,0.889960351388347,0,0.0,11631260,1.0782500396308884E7
422,0.8894619170281718,55390,49267.29558419043,11686650,1.0831767691893075E7
423,0.8894076792258818,0,0.0,11686650,1.0831767691893075E7
424,0.8892029589512547,0,0.0,11686650,1.0831767691893075E7
425,0.8878631629970714,83080,73763.67158179669,11769730,1.0905531363474872E7
426,0.8875932786962639,0,0.0,11769730,1.0905531363474872E7
427,0.8885970408360079,55380,49210.50412149812,11825110,1.095474186759637E7
428,0.888714837671135,0,0.0,11825110,1.095474186759637E7
429,0.888924279510532,55380,49228.62659929326,11880490,1.1003970494195662E7
430,0.8891677892991039,0,0.0,11880490,1.1003970494195662E7
431,0.8891199327058777,0,0.0,11880490,1.1003970494195662E7
432,0.9066683802774851,83080,75326.00903345346,11963570,1.1079296503229115E7
433,0.9086343089365568,0,0.0,11963570,1.1079296503229115E7
434,0.9090838266181424,55390,50354.1531563789,12018960,1.1129650656385494E7
435,0.9088708175627794,27690,25166.632938313363,12046650,1.1154817289323809E7
436,0.9091015627379528,27690,25173.022272213915,12074340,1.1179990311596023E7
437,0.9090698970028332,27690,25172.145448008454,12102030,1.1205162457044031E7
438,0.909073711938629,27700,25181.34182070002,12129730,1.1230343798864732E7
439,0.9094486765891435,27690,25182.633854753385,12157420,1.1255526432719486E7
440,0.9087466623552743,0,0.0,12157420,1.1255526432719486E7
441,0.9372158889861103,55380,51903.01593205079,12212800,1.1307429448651537E7
442,0.9555185728942439,0,0.0,12212800,1.1307429448651537E7
443,0.9556205007172097,55390,52931.819534726244,12268190,1.1360361268186264E7
444,0.9557746513128872,27690,26465.400094853845,12295880,1.1386826668281117E7
445,0.9555822713406079,0,0.0,12295880,1.1386826668281117E7
446,0.9555661276898113,55380,52919.25215146175,12351260,1.1439745920432579E7
447,0.9550748028601324,0,0.0,12351260,1.1439745920432579E7
448,0.9545096995901275,55390,52870.29226029717,12406650,1.1492616212692875E7
449,0.9512078463172072,27690,26338.945264523467,12434340,1.15189551579574E7
450,0.9516237845367201,0,0.0,12434340,1.15189551579574E7
451,0.9515050811811485,55390,52703.86644662382,12489730,1.1571659024404023E7
452,0.95168246959954,0,0.0,12489730,1.1571659024404023E7
453,0.9516388309741848,55380,52701.758459350356,12545110,1.1624360782863373E7
454,0.9518366954873989,0,0.0,12545110,1.1624360782863373E7
455,0.9414043152672726,55380,52134.97097950156,12600490,1.1676495753842875E7
456,0.9413831345322254,0,0.0,12600490,1.1676495753842875E7
457,0.9413274847264985,55390,52140.129379000755,12655880,1.1728635883221876E7
458,0.941328199647797,27690,26065.3778482475,12683570,1.1754701261070123E7
459,0.9412052804152032,0,0.0,12683570,1.1754701261070123E7
460,0.9412578142517459,55390,52136.27033140421,12738960,1.1806837531401528E7
461,0.9413680283111728,0,0.0,12738960,1.1806837531401528E7
462,0.9418231343064355,55380,52158.1651778904,12794340,1.185899569657942E7
463,0.9418217037121054,27690,26079.042975788198,12822030,1.1885074739555208E7
464,0.9418101825626225,27700,26088.142056984645,12849730,1.1911162881612193E7
465,0.9417290601392421,0,0.0,12849730,1.1911162881612193E7
466,0.9417297753655299,55380,52152.994959743046,12905110,1.1963315876571937E7
467,0.941729732937661,0,0.0,12905110,1.1963315876571937E7
468,0.919105437941028,55380,50900.05915317413,12960490,1.2014215935725112E7
469,0.9750584683292419,27700,27009.119572720003,12988190,1.2041225055297831E7
470,0.9753176147352349,0,0.0,12988190,1.2041225055297831E7
471,0.975429807328177,55380,54019.30272983444,13043570,1.2095244358027665E7
472,0.9755536630493565,0,0.0,13043570,1.2095244358027665E7
473,0.9763295666627433,55390,54078.89469744935,13098960,1.2149323252725115E7
474,0.9758901965011334,0,0.0,13098960,1.2149323252725115E7
475,0.9751424529465701,55380,54003.38904418105,13154340,1.2203326641769296E7
476,0.975070974196837,0,0.0,13154340,1.2203326641769296E7
477,0.9750447608245266,55390,54007.72930207053,13209730,1.2257334371071367E7
478,0.9749032069817196,27690,26995.069801323818,13237420,1.228432944087269E7
479,0.9748121086477344,0,0.0,13237420,1.228432944087269E7
480,0.9748113682960283,55380,53985.05357623405,13292800,1.2338314494448924E7
481,0.9750247403256722,0,0.0,13292800,1.2338314494448924E7
482,0.9760043070070115,55390,54060.878565118364,13348190,1.2392375373014042E7
483,0.9845422473167313,27690,27261.97482820029,13375880,1.2419637347842243E7
484,0.9845894317432181,0,0.0,13375880,1.2419637347842243E7
485,0.9846216276281903,55380,54528.345738049175,13431260,1.2474165693580292E7
486,0.9568189347478558,0,0.0,13431260,1.2474165693580292E7
487,0.9206374533423279,55390,50994.10854063155,13486650,1.2525159802120924E7
488,0.9206236239840219,27690,25492.068148117567,13514340,1.2550651870269042E7
489,0.8678899041007012,0,0.0,13514340,1.2550651870269042E7
490,0.8677218020734329,55390,48063.11061684744,13569730,1.259871498088589E7
491,0.8676109453418308,0,0.0,13569730,1.259871498088589E7
492,0.8675186176864847,0,0.0,13569730,1.259871498088589E7
493,0.8669646615921673,83070,72018.75443846134,13652800,1.2670733735324351E7
494,0.8666868745854215,0,0.0,13652800,1.2670733735324351E7
495,0.8667819273673926,55390,48011.05095687987,13708190,1.2718744786281232E7
496,0.8667620242148063,27690,24000.640450507988,13735880,1.274274542673174E7
497,0.8666209699929691,0,0.0,13735880,1.274274542673174E7
498,0.8664091657163184,55380,47981.73959736971,13791260,1.2790727166329108E7
499,0.8665701038607919,0,0.0,13791260,1.2790727166329108E7
500,0.8665711448549194,55390,47999.37571351398,13846650,1.2838726542042622E7
501,0.8933944103964113,0,0.0,13846650,1.2838726542042622E7
502,0.9288542672020845,55380,51439.949317651444,13902030,1.2890166491360273E7
503,0.929002479463665,0,0.0,13902030,1.2890166491360273E7
504,0.9291204710033776,55390,51463.982888877086,13957420,1.294163047424915E7
505,0.9289397606782567,0,0.0,13957420,1.294163047424915E7
506,0.9286652487904088,55380,51429.481478012836,14012800,1.2993059955727164E7
507,0.9284615687370021,0,0.0,14012800,1.2993059955727164E7
508,0.9281540072207664,0,0.0,14012800,1.2993059955727164E7
509,0.9281541834496353,83080,77111.0495609957,14095880,1.307017100528816E7
510,0.9278572937317141,0,0.0,14095880,1.307017100528816E7
511,0.9280725405431266,55380,51396.65729527835,14151260,1.3121567662583439E7
512,0.9282654683645507,0,0.0,14151260,1.3121567662583439E7
513,0.9670886401251134,55390,53567.03977653003,14206650,1.3175134702359969E7
514,0.9701665518679325,0,0.0,14206650,1.3175134702359969E7
515,0.9706592287942596,0,0.0,14206650,1.3175134702359969E7
516,0.9708442902610905,83080,80657.7436348914,14289730,1.325579244599486E7
517,0.9708901535079917,0,0.0,14289730,1.325579244599486E7
518,0.9710268093007317,55380,53775.464699074524,14345110,1.3309567910693934E7
519,0.9709006819187864,0,0.0,14345110,1.3309567910693934E7
520,0.9710429067095091,55380,53776.35617357261,14400490,1.3363344266867507E7
521,0.9710421692206942,0,0.0,14400490,1.3363344266867507E7
522,0.9706276927520587,55390,53763.06790153653,14455880,1.3417107334769044E7
523,0.9706060240808884,0,0.0,14455880,1.3417107334769044E7
524,0.9707576461397601,55380,53760.55844321992,14511260,1.3470867893212264E7
525,0.9707353004412129,0,0.0,14511260,1.3470867893212264E7
526,0.9707068453468456,55390,53767.45216376178,14566650,1.3524635345376026E7
527,0.9710938872846665,0,0.0,14566650,1.3524635345376026E7
528,0.971053054897228,55380,53776.918180208486,14622030,1.3578412263556235E7
529,0.9710331876184443,0,0.0,14622030,1.3578412263556235E7
530,0.9714355590614219,55390,53807.81561641216,14677420,1.3632220079172647E7
531,0.9714362968492615,0,0.0,14677420,1.3632220079172647E7
532,0.971062072067672,55380,53777.417551107676,14732800,1.3685997496723754E7
533,0.9710626251956622,0,0.0,14732800,1.3685997496723754E7
534,0.9710618876918714,0,0.0,14732800,1.3685997496723754E7
535,0.9708683416960335,83080,80659.74182810646,14815880,1.376665723855186E7
536,0.9709921655347719,0,0.0,14815880,1.376665723855186E7
537,0.9708893199710635,55380,53767.8505399975,14871260,1.3820425089091858E7
538,0.9468571226137307,0,0.0,14871260,1.3820425089091858E7
539,0.9469711982027496,55390,52452.7346684503,14926650,1.3872877823760308E7
540,0.947056012865464,0,0.0,14926650,1.3872877823760308E7
541,0.9469471332538943,0,0.0,14926650,1.3872877823760308E7
542,0.946367821602145,83080,78624.23861870621,15009730,1.3951502062379014E7
543,0.9460493619595625,0,0.0,15009730,1.3951502062379014E7
544,0.9462834748939339,55380,52405.17883962606,15065110,1.400390724121864E7
545,0.9462827562091958,27690,26202.569519432633,15092800,1.4030109810738072E7
546,0.9461194107330914,0,0.0,15092800,1.4030109810738072E7
547,0.9461186921732025,55390,52405.51435947369,15148190,1.4082515325097546E7
548,0.9461138755717069,0,0.0,15148190,1.4082515325097546E7
549,0.9462788807474208,0,0.0,15148190,1.4082515325097546E7
550,0.9465229863445698,83070,78627.66447564341,15231260,1.416114298957319E7
551,0.9469251275299773,0,0.0,15231260,1.416114298957319E7
552,0.9468672998875025,55390,52446.979740768766,15286650,1.4213589969313959E7
553,0.9468687381459172,0,0.0,15286650,1.4213589969313959E7
554,0.9469262200705967,55380,52440.77406750964,15342030,1.4266030743381469E7
555,0.9469269392437881,0,0.0,15342030,1.4266030743381469E7
556,0.9471525268121302,55390,52462.7784601239,15397420,1.4318493521841593E7
557,0.94751066306016,0,0.0,15397420,1.4318493521841593E7
558,0.9474694456795716,55380,52470.85790173467,15452800,1.4370964379743328E7
559,0.9474455586487501,0,0.0,15452800,1.4370964379743328E7
560,0.947444839081677,55390,52478.96963673409,15508190,1.4423443349380063E7
561,0.9474450189733018,27690,26234.752575370727,15535880,1.4449678101955434E7
562,0.9474697061055743,27690,26235.436162063354,15563570,1.4475913538117498E7
563,0.9474689865199156,0,0.0,15563570,1.4475913538117498E7
564,0.9474695262090161,55390,52480.337056717406,15618960,1.4528393875174215E7
565,0.9476386482367941,0,0.0,15618960,1.4528393875174215E7
566,0.94764008766686,0,0.0,15618960,1.4528393875174215E7
567,0.9476386482367941,83070,78720.34250903048,15702030,1.4607114217683246E7
568,0.9476393679510617,0,0.0,15702030,1.4607114217683246E7
569,0.9477271518969065,55390,52494.60694356965,15757420,1.4659608824626816E7
570,0.9477278716786371,0,0.0,15757420,1.4659608824626816E7
571,0.9477271518969065,55380,52485.12967205068,15812800,1.4712093954298867E7
572,0.9477276917330609,0,0.0,15812800,1.4712093954298867E7
573,0.9477890270420947,55390,52498.03420786162,15868190,1.4764591988506729E7
574,0.9477892069990705,27690,26244.283141804262,15895880,1.4790836271648534E7
575,0.9481528709036454,0,0.0,15895880,1.4790836271648534E7
576,0.9481521507991357,55380,52508.666111256134,15951260,1.484334493775979E7
577,0.9481526908773744,0,0.0,15951260,1.484334493775979E7
578,0.9635294402486109,55390,53369.89569537056,16006650,1.489671483345516E7
579,0.956839851393169,27690,26494.89548507685,16034340,1.4923209728940237E7
580,0.9568466023845947,0,0.0,16034340,1.4923209728940237E7
581,0.9567069420752421,55390,52991.99752154766,16089730,1.4976201726461785E7
582,0.9567063971244075,0,0.0,16089730,1.4976201726461785E7
583,0.9567071237257134,55380,52982.440511930006,16145110,1.5029184166973716E7
584,0.9567063971244075,27690,26491.200136374846,16172800,1.505567536711009E7
585,0.9568451125617577,27690,26495.04116683507,16200490,1.5082170408276925E7
586,0.9744679238658895,27700,26992.76149108514,16228190,1.510916316976801E7
587,0.9746132424435283,0,0.0,16228190,1.510916316976801E7
588,0.9746048515686904,55380,53973.616679874074,16283570,1.5163136786447883E7
589,0.9747246864752253,0,0.0,16283570,1.5163136786447883E7
590,0.9747491089613577,55390,53991.353145369605,16338960,1.5217128139593253E7
591,0.9682684332451913,27690,26811.352916559346,16366650,1.5243939492509812E7
592,0.968186576436307,27690,26809.08630152134,16394340,1.5270748578811333E7
593,0.9681797367451731,27690,26808.896910473843,16422030,1.5297557475721806E7
594,0.9682415774068918,0,0.0,16422030,1.5297557475721806E7
595,0.968227745207536,55390,53630.13480704542,16477420,1.535118761052885E7
596,0.9681001888632759,0,0.0,16477420,1.535118761052885E7
597,0.9687093407008026,55380,53647.12328801045,16532800,1.5404834733816862E7
598,0.9687580774963902,0,0.0,16532800,1.5404834733816862E7
599,0.9688925104725624,55390,53666.95615507523,16588190,1.5458501689971937E7
600,0.9688926944364628,0,0.0,16588190,1.5458501689971937E7
601,0.9688572275949978,55380,53655.31326421098,16643570,1.5512157003236149E7
602,0.9996837155747428,27690,27681.242084264628,16671260,1.5539838245320413E7
603,1.0001397933498255,0,0.0,16671260,1.5539838245320413E7
604,1.0001857471493856,55390,55400.288534604464,16726650,1.5595238533855017E7
605,1.0002750412811536,0,0.0,16726650,1.5595238533855017E7
606,0.9999373614450109,0,0.0,16726650,1.5595238533855017E7
607,0.9995687781390166,83080,83044.17408778949,16809730,1.5678282707942806E7
608,0.9994847430133902,0,0.0,16809730,1.5678282707942806E7
609,0.9994776350339876,55380,55351.07142818223,16865110,1.5733633779370988E7
610,0.9991482008721465,0,0.0,16865110,1.5733633779370988E7
611,0.9991085678055979,55380,55330.63248507401,16920490,1.5788964411856063E7
612,0.9960565176679693,0,0.0,16920490,1.5788964411856063E7
613,0.9965255714970083,55390,55197.55140521929,16975880,1.5844161963261282E7
614,0.9965084959059044,0,0.0,16975880,1.5844161963261282E7
615,0.9967564638269841,55380,55200.37296673838,17031260,1.589936233622802E7
616,0.9969550745418181,0,0.0,17031260,1.589936233622802E7
617,0.9969931812214256,55390,55223.452307854765,17086650,1.5954585788535874E7
618,0.9971205773377512,27690,27610.26878648233,17114340,1.5982196057322357E7
619,0.9970980313178621,0,0.0,17114340,1.5982196057322357E7
620,0.9970987885956291,55390,55229.3019003119,17169730,1.603742535922267E7
621,0.9970371153250813,0,0.0,17169730,1.603742535922267E7
622,0.9970378725568426,53130,52972.62216894505,17222860,1.6090397981391614E7
623,0.9971128228387615,0,0.0,17222860,1.6090397981391614E7
624,0.9971601711928906,57630,57466.340665846285,17280490,1.6147864322057461E7
625,0.9975958637466774,0,0.0,17280490,1.6147864322057461E7
626,0.9973804997709281,53880,53738.86132765761,17334370,1.6201603183385119E7
627,0.9973812572634837,0,0.0,17334370,1.6201603183385119E7
628,0.997541480768091,56890,56750.134840896695,17391260,1.6258353318226015E7
629,0.9942868961272037,0,0.0,17391260,1.6258353318226015E7
630,0.994243550734928,55390,55071.15027520766,17446650,1.6313424468501223E7
631,1.0426364843800002,0,0.0,17446650,1.6313424468501223E7
632,1.0429157024449127,55380,57756.67160139926,17502030,1.6371181140102623E7
633,1.0424310918569384,0,0.0,17502030,1.6371181140102623E7
634,1.053574370842786,55390,58357.48440098192,17557420,1.6429538624503605E7
635,1.0535525113729425,0,0.0,17557420,1.6429538624503605E7
636,1.0535826866543267,55380,58347.409186916615,17612800,1.6487886033690521E7
637,1.0530901944443982,0,0.0,17612800,1.6487886033690521E7
638,1.0531404995677076,0,0.0,17612800,1.6487886033690521E7
639,1.0530580291305738,83080,87488.06106016807,17695880,1.657537409475069E7
640,1.0526081670079934,0,0.0,17695880,1.657537409475069E7
641,1.0526764975043605,55380,58297.22443179149,17751260,1.6633671319182482E7
642,1.0526770971208548,0,0.0,17751260,1.6633671319182482E7
643,1.0525099756997929,55390,58298.527554011525,17806650,1.6691969846736493E7
644,1.0599042275484467,0,0.0,17806650,1.6691969846736493E7
645,1.0901786186733489,55380,60374.09190213006,17862030,1.6752343938638622E7
646,1.0906312369451285,27700,30210.485263380062,17889730,1.6782554423902E7
647,1.0907273255894798,27690,30202.239645572696,17917420,1.6812756663547575E7
648,1.090327639238188,0,0.0,17917420,1.6812756663547575E7
649,1.0901599383550529,55380,60373.05738610283,17972800,1.687312972093368E7
650,1.0899278956145544,0,0.0,17972800,1.687312972093368E7
651,1.0892878156585881,55390,60335.652109329196,18028190,1.693346537304301E7
652,1.0890581454730741,0,0.0,18028190,1.693346537304301E7
653,1.0894712224887844,55380,60334.91630142888,18083570,1.6993800289344437E7
654,1.0895614524231236,0,0.0,18083570,1.6993800289344437E7
655,1.0896140137386419,0,0.0,18083570,1.6993800289344437E7
656,1.0896400389311067,83080,90527.29443439635,18166650,1.7084327583778832E7
657,1.0905353549995653,0,0.0,18166650,1.7084327583778832E7
658,1.091492268400299,55380,60446.84182400856,18222030,1.7144774425602842E7
659,1.0148075406059855,0,0.0,18222030,1.7144774425602842E7
660,0.9741453651149926,55390,53957.91177371944,18277420,1.719873233737656E7
661,0.9743865792526775,0,0.0,18277420,1.719873233737656E7
662,0.9752741332418413,0,0.0,18277420,1.719873233737656E7
663,0.9733021473012866,83070,80852.20937631789,18360490,1.7279584546752878E7
664,0.9733038992236346,0,0.0,18360490,1.7279584546752878E7
665,0.9729879578824081,55390,53893.80298710659,18415880,1.7333478349739984E7
666,0.9725355159644008,27690,26929.508437054257,18443570,1.736040785817704E7
667,0.961388323098452,27690,26620.842666596138,18471260,1.7387028700843636E7
668,0.9612225445392117,0,0.0,18471260,1.7387028700843636E7
669,0.9608940719433645,55390,53223.92264494296,18526650,1.744025262348858E7
670,0.9608584749964617,0,0.0,18526650,1.744025262348858E7
671,0.9599807808237671,55380,53163.73564202023,18582030,1.74934163591306E7
672,0.9600665322440343,27700,26593.84294315975,18609730,1.7520010202073757E7
673,0.9597670631033891,27690,26575.949977332846,18637420,1.754658615205109E7
674,0.9610931756409435,0,0.0,18637420,1.754658615205109E7
675,0.9611203101517738,55380,53226.84277620523,18692800,1.7599812994827297E7
676,0.9611208576168234,0,0.0,18692800,1.7599812994827297E7
677,0.9610350761264006,55390,53231.73286664133,18748190,1.7653044727693938E7
678,0.9610358504508288,0,0.0,18748190,1.7653044727693938E7
679,0.9609869021899032,55380,53219.45464327684,18803570,1.7706264182337213E7
680,0.9636773050796075,0,0.0,18803570,1.7706264182337213E7
681,0.9605196855088138,55390,53203.1853803332,18858960,1.7759467367717545E7
682,0.9604342692268761,0,0.0,18858960,1.7759467367717545E7
683,0.9621891087413138,55380,53286.032842093955,18914340,1.7812753400559638E7
684,0.9621612708779143,0,0.0,18914340,1.7812753400559638E7
685,0.9028737280170632,55390,50010.175794865136,18969730,1.7862763576354504E7
686,0.9002662577010603,0,0.0,18969730,1.7862763576354504E7
687,0.9000119949821036,55380,49842.6642821089,19025110,1.7912606240636613E7
688,0.8990018178425215,0,0.0,19025110,1.7912606240636613E7
689,0.8990822556627798,0,0.0,19025110,1.7912606240636613E7
690,0.898851801041077,83080,74676.60763049268,19108190,1.7987282848267104E7
691,0.8988920377084075,0,0.0,19108190,1.7987282848267104E7
692,0.898917747022929,55380,49782.06483012981,19163570,1.8037064913097233E7
693,0.8988821588255678,0,0.0,19163570,1.8037064913097233E7
694,0.8987561890820697,55390,49782.10531325584,19218960,1.808684701841049E7
695,0.8991813096397775,0,0.0,19218960,1.808684701841049E7
696,0.8991894736391904,0,0.0,19218960,1.808684701841049E7
697,0.8991001552943524,83070,74688.24990030185,19302030,1.816153526831079E7
698,0.8994519601805193,0,0.0,19302030,1.816153526831079E7
699,0.8997992400869921,55390,49839.879908418494,19357420,1.821137514821921E7
700,0.8991199205942358,27690,24896.63060125439,19385110,1.8236271778820463E7
701,0.8991803555157319,0,0.0,19385110,1.8236271778820463E7
702,0.8991808676990796,55380,49796.63645317503,19440490,1.8286068415273637E7
703,0.8992746014561717,0,0.0,19440490,1.8286068415273637E7
704,0.8992747722016995,55390,49810.829632252135,19495880,1.833587924490589E7
705,0.8992754551847191,27690,24900.93735406487,19523570,1.8360780182259955E7
706,0.899297001059961,27690,24901.53395935032,19551260,1.8385681716219306E7
707,0.8992975133097513,0,0.0,19551260,1.8385681716219306E7
708,0.8992947387144079,55390,49811.93557739105,19606650,1.84354936517967E7
709,0.8992961047117609,0,0.0,19606650,1.84354936517967E7
710,0.899323308971641,55380,49804.52485084948,19662030,1.8485298176647548E7
711,0.8721574347022357,27700,24158.76094125193,19689730,1.85094569375888E7
712,0.8603510019471149,0,0.0,19689730,1.85094569375888E7
713,0.8606473075507086,55380,47662.647892158246,19745110,1.855711958548096E7
714,0.8604078761782112,0,0.0,19745110,1.855711958548096E7
715,0.8602220123067937,55380,47639.09504155024,19800490,1.860475868052251E7
716,0.8605950530533447,0,0.0,19800490,1.860475868052251E7
717,0.8604468225919538,55390,47660.149503368324,19855880,1.8652418830025878E7
718,0.8528619959902867,0,0.0,19855880,1.8652418830025878E7
719,0.8524109814991834,55380,47206.520155424776,19911260,1.8699625350181304E7
720,0.8523783771656708,0,0.0,19911260,1.8699625350181304E7
721,0.8522046521831788,55390,47203.61568442627,19966650,1.874682896586573E7
722,0.852487740944672,0,0.0,19966650,1.874682896586573E7
723,0.8526468729985979,55380,47219.58382666235,20022030,1.8794048549692392E7
724,0.8516533739660173,27700,23590.798458858677,20049730,1.881763934815125E7
725,0.851717131006855,0,0.0,20049730,1.881763934815125E7
726,0.8522216123630669,55380,47196.03289266665,20105110,1.886483538104392E7
727,0.8522209651165678,0,0.0,20105110,1.886483538104392E7
728,0.852221450551313,0,0.0,20105110,1.886483538104392E7
729,0.8521545797777224,83080,70797.00248793318,20188190,1.893563238353185E7
730,0.8521798634688876,0,0.0,20188190,1.893563238353185E7
731,0.8521748883846803,55380,47193.445318743594,20243570,1.8982825828850593E7
732,0.8523545803816784,0,0.0,20243570,1.8982825828850593E7
733,0.8524184283183374,55390,47215.45674455271,20298960,1.9030041285595145E7
734,0.8534397769312612,0,0.0,20298960,1.9030041285595145E7
735,0.8532797161664748,55380,47254.63068129937,20354340,1.9077295916276444E7
736,0.8532463749111807,27690,23626.392121290595,20382030,1.9100922308397733E7
737,0.8532935704841688,27700,23636.231902411473,20409730,1.9124558540300146E7
738,0.8532453188636958,0,0.0,20409730,1.9124558540300146E7
739,0.8518344089172494,55380,47174.58956583727,20465110,1.917173312986598E7
740,0.8515003847573339,0,0.0,20465110,1.917173312986598E7
741,0.8514146965453766,55380,47151.345894682956,20520490,1.9218884475760665E7
742,0.852171668222114,27700,23605.155209752556,20548190,1.924248963097042E7
743,0.8521956899321516,27690,23597.29865422128,20575880,1.926608692962464E7
744,0.8520861902971315,27690,23594.266609327573,20603570,1.9289681196233965E7
745,0.8522600673594702,0,0.0,20603570,1.9289681196233965E7
746,0.9293733755254001,55390,51477.991270351915,20658960,1.9341159187504318E7
747,0.8373019863285261,0,0.0,20658960,1.9341159187504318E7
748,0.8373352403507092,55380,46371.62561062227,20714340,1.938753081311494E7
749,0.8371239257730649,27690,23179.961504656167,20742030,1.9410710774619598E7
750,0.8367626257850742,0,0.0,20742030,1.9410710774619598E7
751,0.8365660297550269,55390,46337.39238813094,20797420,1.945704816700773E7
752,0.8362590149393775,0,0.0,20797420,1.945704816700773E7
753,0.8362659387991578,55380,46312.40769069736,20852800,1.9503360574698426E7
754,0.836394299592008,0,0.0,20852800,1.9503360574698426E7
755,0.8363859489306961,55390,46327.41771127126,20908190,1.95496879924097E7
756,0.7959513108067812,0,0.0,20908190,1.95496879924097E7
757,0.7958465231532875,0,0.0,20908190,1.95496879924097E7
758,0.7954318737982106,83070,66076.52575641735,20991260,1.9615764518166117E7
759,0.7966888952204492,0,0.0,20991260,1.9615764518166117E7
760,0.7972662966389966,55390,44160.58017083402,21046650,1.965992509833695E7
761,0.7959345890756147,0,0.0,21046650,1.965992509833695E7
762,0.7963666882174221,55380,44102.787193480835,21102030,1.970402788553043E7
763,0.7939730285295901,0,0.0,21102030,1.970402788553043E7
764,0.7995009102580881,55390,44284.3554191955,21157420,1.9748312240949627E7
765,0.8139419445799867,0,0.0,21157420,1.9748312240949627E7
766,0.8131523673676309,55380,45032.3781048194,21212800,1.9793344619054448E7
767,0.8061240339679924,0,0.0,21212800,1.9793344619054448E7
768,0.8062701598246899,55390,44659.30415268957,21268190,1.9838003923207138E7
769,0.8061838616219332,0,0.0,21268190,1.9838003923207138E7
770,0.8063962907806066,55380,44658.22658342999,21323570,1.9882662149790566E7
771,0.8066313337742086,0,0.0,21323570,1.9882662149790566E7
772,0.8066908640420244,55390,44682.60695928773,21378960,1.9927344756749853E7
773,0.8066500822256937,0,0.0,21378960,1.9927344756749853E7
774,0.8067349627399564,55380,44676.98223653878,21434340,1.997202173898639E7
775,0.8311584402807523,0,0.0,21434340,1.997202173898639E7
776,0.8188871557537627,0,0.0,21434340,1.997202173898639E7
777,0.8188866893065997,83080,68033.1061475923,21517420,2.0040054845133983E7
778,0.8189187234864881,0,0.0,21517420,2.0040054845133983E7
779,0.8189820620415399,0,0.0,21517420,2.0040054845133983E7
780,0.8189229736967535,83070,68027.9314249893,21600490,2.0108082776558973E7
781,0.8190093692917575,0,0.0,21600490,2.0108082776558973E7
782,0.8192385848570597,55390,45377.62521523254,21655880,2.0153460401774205E7
783,0.8192501268609493,27690,22685.03601277969,21683570,2.0176145437786985E7
784,0.8192300703209207,0,0.0,21683570,2.0176145437786985E7
785,0.819187588807855,55390,45374.80054406709,21738960,2.0221520238331053E7
786,0.8191869666502964,0,0.0,21738960,2.0221520238331053E7
787,0.8191584335209835,55380,45364.994048392065,21794340,2.0266885232379444E7
788,0.8190948067954991,0,0.0,21794340,2.0266885232379444E7
789,0.8193113708129148,55390,45381.65682932735,21849730,2.031226688920877E7
790,0.8193169197892145,0,0.0,21849730,2.031226688920877E7
791,0.8193175420456829,55380,45373.805478489914,21905110,2.0357640694687262E7
792,0.8192408806020048,27690,22684.779983869514,21932800,2.0380325474671133E7
793,0.8192413472509192,0,0.0,21932800,2.0380325474671133E7
794,0.8027883297011569,55390,44466.44558214708,21988190,2.042479192025328E7
795,0.8027884821268085,0,0.0,21988190,2.042479192025328E7
796,0.8027988196125793,55380,44458.99863014464,22043570,2.0469250918883424E7
797,0.8027167096134431,0,0.0,22043570,2.0469250918883424E7
798,0.8027171668500019,55390,44462.50387182161,22098960,2.0513713422755245E7
799,0.8026518298824499,0,0.0,22098960,2.0513713422755245E7
800,0.8028674913616853,0,0.0,22098960,2.0513713422755245E7
801,0.8028662718358115,83070,66694.10120140086,22182030,2.0580407523956645E7
802,0.8027941559322382,0,0.0,22182030,2.0580407523956645E7
803,0.8027151017862755,0,0.0,22182030,2.0580407523956645E7
804,0.8027157114339616,83080,66689.62130593353,22265110,2.064709714526258E7
805,0.8026742116080753,0,0.0,22265110,2.064709714526258E7
806,0.8025800350685571,0,0.0,22265110,2.064709714526258E7
807,0.8028112889558654,83080,66697.5618864533,22348190,2.0713794707149033E7
808,0.8028114413858763,0,0.0,22348190,2.0713794707149033E7
809,0.8027691029427529,55380,44457.35292096966,22403570,2.075825206007E7
810,0.8027684932545169,0,0.0,22403570,2.075825206007E7
811,0.8026380233000157,55390,44458.120110587864,22458960,2.0802710180180587E7
812,0.8026374137115406,0,0.0,22458960,2.0802710180180587E7
813,0.8026032626470061,55380,44448.168685391196,22514340,2.084715834886598E7
814,0.8026020435224858,0,0.0,22514340,2.084715834886598E7
815,0.8026026530840977,55390,44456.160954328174,22569730,2.0891614509820305E7
816,0.8027037417144468,0,0.0,22569730,2.0891614509820305E7
817,0.8027043513535052,0,0.0,22569730,2.0891614509820305E7
818,0.8203034612681641,83070,68142.6085275464,22652800,2.095975711834785E7
819,0.8203668895692819,0,0.0,22652800,2.095975711834785E7
820,0.8207709948315731,55390,45462.50540372083,22708190,2.100521962375157E7
821,0.8208220652194773,0,0.0,22708190,2.100521962375157E7
822,0.8207988514479139,55380,45455.84039318547,22763570,2.1050675464144755E7
823,0.822779519689294,0,0.0,22763570,2.1050675464144755E7
824,0.8225620662722436,0,0.0,22763570,2.1050675464144755E7
825,0.8226295992717644,83080,68344.06710749818,22846650,2.1119019531252254E7
826,0.8226514858727622,0,0.0,22846650,2.1119019531252254E7
827,0.8229156719228325,55380,45573.069911086466,22902030,2.116459260116334E7
828,0.8230234136505273,27700,22797.74855811961,22929730,2.1187390349721458E7
829,0.8231435643659007,0,0.0,22929730,2.1187390349721458E7
830,0.8230897108416388,55380,45582.70818640996,22985110,2.123297305790787E7
831,0.8235915913535693,0,0.0,22985110,2.123297305790787E7
832,0.8119799278845694,0,0.0,22985110,2.123297305790787E7
833,0.8119084122605311,83080,67453.35089060492,23068190,2.1300426408798475E7
834,0.8116707737876068,0,0.0,23068190,2.1300426408798475E7
835,0.8117122804462202,55380,44952.62609111168,23123570,2.1345379034889586E7
836,0.811720075866293,27690,22476.528900737652,23151260,2.1367855563790325E7
837,0.8118641577613129,0,0.0,23151260,2.1367855563790325E7
838,0.8118723601889722,55390,44969.610030867174,23206650,2.1412825173821192E7
839,0.8118735933947804,0,0.0,23206650,2.1412825173821192E7
840,0.8118606148164826,0,0.0,23206650,2.1412825173821192E7
841,0.8118612314098106,83080,67449.43110552707,23289730,2.148027460492672E7
842,0.8118421741481195,0,0.0,23289730,2.148027460492672E7
843,0.8118334771491535,55380,44959.33796452012,23345110,2.152523394289124E7
844,0.8118603618476118,27690,22480.41341956037,23372800,2.15477143563108E7
845,0.8119924812254412,0,0.0,23372800,2.15477143563108E7
846,0.7894882941545431,55390,43729.75661322015,23428190,2.159144411292402E7
847,0.7764681670326061,0,0.0,23428190,2.159144411292402E7
848,0.7764682724850706,0,0.0,23428190,2.159144411292402E7
849,0.7761587535443457,83070,64475.5076569288,23511260,2.165591962058095E7
850,0.7762083994557322,0,0.0,23511260,2.165591962058095E7
851,0.7761672771059981,0,0.0,23511260,2.165591962058095E7
852,0.776206026466514,83080,64487.19667883799,23594340,2.172040681725979E7
853,0.7762583919585574,0,0.0,23594340,2.172040681725979E7
854,0.7763201352455218,0,0.0,23594340,2.172040681725979E7
855,0.7763196930450035,83080,64496.64009817889,23677420,2.178490345735797E7
856,0.7763975893410109,0,0.0,23677420,2.178490345735797E7
857,0.7764109411831077,55380,42997.6379227205,23732800,2.182790109528069E7
858,0.7764113834356019,0,0.0,23732800,2.182790109528069E7
859,0.7814670516199693,55390,43285.4599892301,23788190,2.187118655526992E7
860,0.7940272966275085,0,0.0,23788190,2.187118655526992E7
861,0.8009876779045347,55380,44358.69760235313,23843570,2.1915545252872273E7
862,0.8011224915726632,27690,22183.081791647044,23871260,2.193772833466392E7
863,0.8012496929228902,0,0.0,23871260,2.193772833466392E7
864,0.8012788617893485,55390,44382.83615451201,23926650,2.1982111170818433E7
865,0.8012800789040019,0,0.0,23926650,2.1982111170818433E7
866,0.8013204009647605,55380,44377.12380542844,23982030,2.2026488294623863E7
867,0.8014067863994794,0,0.0,23982030,2.2026488294623863E7
868,0.7940625601023008,55390,43983.12520406644,24037420,2.207047141982793E7
869,0.7771418927448104,0,0.0,24037420,2.207047141982793E7
870,0.7770269347888744,0,0.0,24037420,2.207047141982793E7
871,0.7769949765884927,83070,64544.97270520609,24120490,2.213501639253314E7
872,0.7770390231052136,0,0.0,24120490,2.213501639253314E7
873,0.777414314191128,55390,43060.978863046585,24175880,2.2178077371396184E7
874,0.7774136103647513,27690,21526.582870999962,24203570,2.2199603954267185E7
875,0.7776542671768795,0,0.0,24203570,2.2199603954267185E7
876,0.7775728938612563,55390,43069.762590974984,24258960,2.224267371685816E7
877,0.777497256412558,0,0.0,24258960,2.224267371685816E7
878,0.7775770140900659,55380,43062.21504030785,24314340,2.2285735931898467E7
879,0.7775539693570326,0,0.0,24314340,2.2285735931898467E7
880,0.7775638577840407,55390,43069.26208265802,24369730,2.2328805193981126E7
881,0.7775243961109602,0,0.0,24369730,2.2328805193981126E7
882,0.7776296255957477,55380,43065.128665492506,24425110,2.2371870322646618E7
883,0.7776290350004783,27690,21532.547979163246,24452800,2.2393402870625783E7
884,0.7776294779468126,0,0.0,24452800,2.2393402870625783E7
885,0.7776288873518572,55390,43072.86407041937,24508190,2.2436475734696202E7
886,0.7776244664116247,0,0.0,24508190,2.2436475734696202E7
887,0.7811846242139724,55380,43262.00448896979,24563570,2.2479737739185173E7
888,0.7812939001380825,27690,21634.028094823505,24591260,2.2501371767279997E7
889,0.7813792856312586,0,0.0,24591260,2.2501371767279997E7
890,0.7813786921883948,55390,43280.56576031519,24646650,2.2544652333040312E7
891,0.7814002842237545,0,0.0,24646650,2.2544652333040312E7
892,0.7813696964822658,55380,43272.25379118788,24702030,2.25879245868315E7
893,0.7815150383467507,0,0.0,24702030,2.25879245868315E7
894,0.7815145931871583,55390,43288.0933166367,24757420,2.2631212680148136E7
895,0.7815261304885875,0,0.0,24757420,2.2631212680148136E7
896,0.7680357516780946,0,0.0,24757420,2.2631212680148136E7
897,0.7680361891599856,83070,63800.76623352001,24840490,2.2695013446381655E7
898,0.7680356058509525,0,0.0,24840490,2.2695013446381655E7
899,0.7677632713880554,55390,42526.407602184394,24895880,2.2737539853983838E7
900,0.7678438299440603,0,0.0,24895880,2.2737539853983838E7
901,0.767843246780921,55380,42523.1590067274,24951260,2.2780063012990564E7
902,0.767944946705649,0,0.0,24951260,2.2780063012990564E7
903,0.7679224998434585,0,0.0,24951260,2.2780063012990564E7
904,0.7362709014643255,83080,61169.386493656166,25034340,2.284123239948422E7
905,0.787330052591417,0,0.0,25034340,2.284123239948422E7
906,0.7876236537148409,55390,43626.47417926504,25089730,2.2884858873663485E7
907,0.7879338324706966,27690,21817.88782111359,25117420,2.2906676761484597E7
908,0.7884980193202134,27690,21833.510154976706,25145110,2.2928510271639574E7
909,0.7890665261155639,0,0.0,25145110,2.2928510271639574E7
910,0.7886158611716756,55380,43673.54639168739,25200490,2.2972183818031263E7
911,0.7884113521731856,0,0.0,25200490,2.2972183818031263E7
912,0.7882528976264614,0,0.0,25200490,2.2972183818031263E7
913,0.7880284776227785,83080,65469.40592090044,25283570,2.3037653223952163E7
914,0.7880522957247245,0,0.0,25283570,2.3037653223952163E7
915,0.7880527446082666,55390,43650.24152385189,25338960,2.3081303465476014E7
916,0.7880265676118328,0,0.0,25338960,2.3081303465476014E7
917,0.7880493868683554,55380,43642.175044769516,25394340,2.3124945640520785E7
918,0.7903448220046936,0,0.0,25394340,2.3124945640520785E7
919,0.7903454222571694,0,0.0,25394340,2.3124945640520785E7
920,0.7903567528697705,83080,65662.83902842054,25477420,2.3190608479549207E7
921,0.7908736190648381,0,0.0,25477420,2.3190608479549207E7
922,0.8209982437047223,0,0.0,25477420,2.3190608479549207E7
923,0.8254780430898758,83070,68572.46103947598,25560490,2.3259180940588683E7
924,0.8205818577856789,0,0.0,25560490,2.3259180940588683E7
925,0.8205954191235437,55390,45452.78026525309,25615880,2.3304633720853936E7
926,0.8197403110363551,27690,22698.609212596675,25643570,2.3327332330066532E7
927,0.819623302858253,0,0.0,25643570,2.3327332330066532E7
928,0.8194241217425041,55390,45387.902103317305,25698960,2.3372720232169848E7
929,0.8193130422829067,0,0.0,25698960,2.3372720232169848E7
930,0.8193917854257531,55380,45377.917076878206,25754340,2.3418098149246726E7
931,0.8194330881746948,0,0.0,25754340,2.3418098149246726E7
932,0.8198103217263856,55390,45409.293720424495,25809730,2.346350744296715E7
933,0.8200204977629267,0,0.0,25809730,2.346350744296715E7
934,0.8200619629320078,55380,45415.03150717459,25865110,2.3508922474474326E7
935,0.8208573629453808,0,0.0,25865110,2.3508922474474326E7
936,0.82043504751881,55380,45435.6929315917,25920490,2.355435816740592E7
937,0.8466853591727241,0,0.0,25920490,2.355435816740592E7
938,0.8584364542252817,55390,47548.795199538356,25975880,2.3601906962605458E7
939,0.8584775437160198,0,0.0,25975880,2.3601906962605458E7
940,0.8583713217786828,55380,47536.603800103454,26031260,2.364944356640556E7
941,0.8585718868870175,0,0.0,26031260,2.364944356640556E7
942,0.8586811036195331,0,0.0,26031260,2.364944356640556E7
943,0.858866286625573,83080,71354.6110928526,26114340,2.3720798177498415E7
944,0.8587733483680062,0,0.0,26114340,2.3720798177498415E7
945,0.8588535122528231,55390,47571.896043683875,26169730,2.37683700735421E7
946,0.8588391120592698,0,0.0,26169730,2.37683700735421E7
947,0.8589145384811934,55380,47566.68714108849,26225110,2.3815936760683186E7
948,0.8589294824044952,0,0.0,26225110,2.3815936760683186E7
949,0.858866726864794,55380,47564.03933377229,26280490,2.386350080001696E7
950,0.8588761778109878,0,0.0,26280490,2.386350080001696E7
951,0.8591210421330511,55390,47586.714523749695,26335880,2.391108751454071E7
952,0.859286972129519,0,0.0,26335880,2.391108751454071E7
953,0.8592932045288749,55380,47587.65766680909,26391260,2.395867517220752E7
954,0.8592936939920481,27700,23802.43532357973,26418960,2.39824776075311E7
955,0.8592486691464523,27690,23792.595648665265,26446650,2.4006270203179765E7
956,0.8592499743152218,27690,23792.63178878849,26474340,2.4030062834968556E7
957,0.8592486691464523,0,0.0,26474340,2.4030062834968556E7
958,0.8592931383826335,55390,47596.246935014075,26529730,2.407765908190357E7
959,0.861419136409794,0,0.0,26529730,2.407765908190357E7
960,0.8614849373911397,55380,47709.03583272132,26585110,2.412536811773629E7
961,0.8617631309477546,0,0.0,26585110,2.412536811773629E7
962,0.8613288813152827,55380,47700.393447240356,26640490,2.417306851118353E7
963,0.8614815554755045,0,0.0,26640490,2.417306851118353E7
964,0.8613472360279633,55390,47710.023403588886,26695880,2.422077853458712E7
965,0.86141382167843,0,0.0,26695880,2.422077853458712E7
966,0.8614986350730369,55380,47709.79441034479,26751260,2.4268488328997463E7
967,0.8614991257924484,0,0.0,26751260,2.4268488328997463E7
968,0.8869783229885131,0,0.0,26751260,2.4268488328997463E7
969,0.8680073719711021,83080,72114.05246335917,26834340,2.4340602381460823E7
970,0.8680769891952907,0,0.0,26834340,2.4340602381460823E7
971,0.8679713626461393,55390,48076.93377696966,26889730,2.4388679315237794E7
972,0.8679827198115367,27690,24034.44151158145,26917420,2.4412713756749377E7
973,0.8678230654557706,0,0.0,26917420,2.4412713756749377E7
974,0.8675418742180891,55380,48044.46899419778,26972800,2.4460758225743573E7
975,0.8677139220727804,0,0.0,26972800,2.4460758225743573E7
976,0.8677681547188383,55390,48065.678089876455,27028190,2.450882390383345E7
977,0.8678952171119827,27690,24032.018561830802,27055880,2.453285592239528E7
978,0.8679177354344557,27690,24032.64209418008,27083570,2.455688856448946E7
979,0.86786259762142,27690,24031.115328137123,27111260,2.45809196798176E7
980,0.8681114442877972,0,0.0,27111260,2.45809196798176E7
981,0.8681300911146729,55390,48085.72574684173,27166650,2.462900540556444E7
982,0.8684239516368955,0,0.0,27166650,2.462900540556444E7
983,0.8684226325331954,0,0.0,27166650,2.462900540556444E7
984,0.8684232920843441,83080,72148.6071063673,27249730,2.4701154012670808E7
985,0.8748949238807755,0,0.0,27249730,2.4701154012670808E7
986,0.8859264485980473,55380,49062.60672335986,27305110,2.475021661939417E7
987,0.8859170207558819,0,0.0,27305110,2.475021661939417E7
988,0.8858702513272725,55380,49059.49451850435,27360490,2.479927611391267E7
989,0.8856670453819278,0,0.0,27360490,2.479927611391267E7
990,0.8856183815637803,55390,49054.40215481779,27415880,2.484833051606749E7
991,0.8856190541750166,27690,24522.79161010621,27443570,2.4872853307677597E7
992,0.8857710033438457,0,0.0,27443570,2.4872853307677597E7
993,0.885887811891891,55390,49069.325900691845,27498960,2.492192263357829E7
994,0.8858871390767682,0,0.0,27498960,2.492192263357829E7
995,0.8857671733541352,0,0.0,27498960,2.492192263357829E7
996,0.8858624311042128,83070,73588.59215182696,27582030,2.4995511225730117E7
997,0.8858941272349145,0,0.0,27582030,2.4995511225730117E7
998,0.8856822002063962,55390,49057.937069432286,27637420,2.504456916279955E7
999,0.8863858732125852,0,0.0,27637420,2.504456916279955E7
1000,0.886385200018964,55380,49088.012377050225,27692800,2.5093657175176598E7
1001,0.8863857049140457,0,0.0,27692800,2.5093657175176598E7
1002,0.8863850317207824,55390,49096.86690701414,27748190,2.5142754042083614E7
1003,0.8895155841759466,0,0.0,27748190,2.5142754042083614E7
1004,0.8924069535685754,55380,49421.4970886277,27803570,2.519217553917224E7
1005,0.8924562022806466,0,0.0,27803570,2.519217553917224E7
1006,0.8924567106338401,55390,49433.1772020084,27858960,2.524160871637425E7
1007,0.8923482691666027,0,0.0,27858960,2.524160871637425E7
1008,0.8924816184729998,55380,49425.63203103473,27914340,2.5291034348405283E7
1009,0.8924802628265981,0,0.0,27914340,2.5291034348405283E7
1010,0.8926735056388817,55390,49445.185477337654,27969730,2.534047953388262E7
1011,0.8926729971621994,0,0.0,27969730,2.534047953388262E7
1012,0.8926736751312895,55380,49436.26812877081,28025110,2.5389915802011393E7
1013,0.8926455806377691,0,0.0,28025110,2.5389915802011393E7
1014,0.8926648291378781,55380,49435.77823765569,28080490,2.543935158024905E7
1015,0.8926641511757383,27700,24726.796987567952,28108190,2.5464078377236616E7
1016,0.892664320666138,27690,24717.875039245362,28135880,2.548879625227586E7
1017,0.9006342213865002,27690,24938.56159019219,28163570,2.5513734813866053E7
1018,0.900633537371523,0,0.0,28163570,2.5513734813866053E7
1019,0.9007034564491466,55390,49889.96445271823,28218960,2.556362477831877E7
1020,0.9007027723818205,0,0.0,28218960,2.556362477831877E7
1021,0.9007388497065926,55380,49882.9174967511,28274340,2.5613507695815522E7
1022,0.9007374815177636,0,0.0,28274340,2.5613507695815522E7
1023,0.9008479447922413,55390,49897.96766204225,28329730,2.5663405663477566E7
1024,0.9008938891083529,0,0.0,28329730,2.5663405663477566E7
1025,0.9008945733210626,55380,49891.541470520446,28385110,2.5713297204948086E7
1026,0.9008938891083529,0,0.0,28385110,2.5713297204948086E7
1027,0.9008622273978245,55380,49889.75015329152,28440490,2.576318695510138E7
1028,0.900861543209915,0,0.0,28440490,2.576318695510138E7
1029,0.8868475526473678,0,0.0,28440490,2.576318695510138E7
1030,0.8951283496163304,83080,74367.26328612473,28523570,2.5837554218387503E7
1031,0.895003247495885,0,0.0,28523570,2.5837554218387503E7
1032,0.8950037572999044,55390,49574.25811684171,28578960,2.5887128476504344E7
1033,0.8951108412245522,0,0.0,28578960,2.5887128476504344E7
1034,0.8950622743217609,55380,49568.54875193912,28634340,2.5936697025256284E7
1035,0.895136350868718,0,0.0,28634340,2.5936697025256284E7
1036,0.8952040386896458,55390,49585.351703019485,28689730,2.59862823769593E7
1037,0.8952262773608348,0,0.0,28689730,2.59862823769593E7
1038,0.8951875734031608,55380,49575.48781506705,28745110,2.603585786477437E7
1039,0.8951868935248116,0,0.0,28745110,2.603585786477437E7
1040,0.8951874034334378,0,0.0,28745110,2.603585786477437E7
1041,0.8951298296017904,83080,74367.38624331675,28828190,2.6110225251017686E7
1042,0.8951543011188544,0,0.0,28828190,2.6110225251017686E7
1043,0.8952290649802652,55380,49577.785618607086,28883570,2.6159803036636293E7
1044,0.8953066758295961,27690,24791.041853721516,28911260,2.6184594078490015E7
1045,0.8953071858064517,0,0.0,28911260,2.6184594078490015E7
1046,0.8953523582775008,55390,49593.56712499077,28966650,2.6234187645615008E7
1047,0.8954225320197766,0,0.0,28966650,2.6234187645615008E7
1048,0.8473676159134315,0,0.0,28966650,2.6234187645615008E7
1049,0.8859405095791886,83080,73603.93753583898,29049730,2.6307791583150845E7
1050,0.8858286443980726,0,0.0,29049730,2.6307791583150845E7
1051,0.8861341840135518,55380,49074.1111106705,29105110,2.6356865694261517E7
1052,0.8860080483082861,0,0.0,29105110,2.6356865694261517E7
1053,0.8859847625066113,55380,49065.83614761613,29160490,2.6405931530409135E7
1054,0.8855547671786734,0,0.0,29160490,2.6405931530409135E7
1055,0.8850369216075522,55390,49022.195087842316,29215880,2.6454953725496978E7
1056,0.8848898333565273,0,0.0,29215880,2.6454953725496978E7
1057,0.8849077868204066,55380,49006.193234114115,29271260,2.6503959918731093E7
1058,0.8849206357193572,0,0.0,29271260,2.6503959918731093E7
1059,0.8850100256075515,0,0.0,29271260,2.6503959918731093E7
1060,0.8850893513580816,83080,73533.22331082942,29354340,2.657749314204192E7
1061,0.8855726451842534,0,0.0,29354340,2.657749314204192E7
1062,0.8858614329277649,0,0.0,29354340,2.657749314204192E7
1063,0.8858133135150749,83080,73593.37008683242,29437420,2.6651086512128755E7
1064,0.8858648629525437,0,0.0,29437420,2.6651086512128755E7
1065,0.8858173233693464,55380,49056.5633681944,29492800,2.670014307549695E7
1066,0.885568611410034,0,0.0,29492800,2.670014307549695E7
1067,0.8855679388373379,55390,49051.60813220014,29548190,2.6749194683629148E7
1068,0.8855359321287853,0,0.0,29548190,2.6749194683629148E7
1069,0.8854575765966533,55380,49036.64059192266,29603570,2.679823132422107E7
1070,0.8854182041742643,27690,24517.23007358538,29631260,2.6822748554294657E7
1071,0.8854422807370325,0,0.0,29631260,2.6822748554294657E7
1072,0.8853966826735623,55390,49042.12225328862,29686650,2.6871790676547945E7
1073,0.8853980275602528,0,0.0,29686650,2.6871790676547945E7
1074,0.9145072689161747,55380,50645.412552577756,29742030,2.692243608910052E7
1075,0.9150405833683586,0,0.0,29742030,2.692243608910052E7
1076,0.9150130210052261,55390,50682.57123347947,29797420,2.6973118660334002E7
1077,0.9150253371940346,0,0.0,29797420,2.6973118660334002E7
1078,0.9149616367912712,0,0.0,29797420,2.6973118660334002E7
1079,0.9149759570454469,83070,76007.05275176527,29880490,2.7049125713085767E7
1080,0.9147833550041008,0,0.0,29880490,2.7049125713085767E7
1081,0.9146841362630959,55390,50664.35430761288,29935880,2.709979006739338E7
1082,0.9147599135573673,0,0.0,29935880,2.709979006739338E7
1083,0.9147531443891141,55380,50659.02913626914,29991260,2.715044909652965E7
1084,0.914652724712903,0,0.0,29991260,2.715044909652965E7
1085,0.9152414131722874,55390,50695.221875612995,30046650,2.7201144318405263E7
1086,0.9154226114121744,0,0.0,30046650,2.7201144318405263E7
1087,0.9156212176427304,55380,50707.10303305441,30102030,2.7251851421438318E7
1088,0.9156219130403436,0,0.0,30102030,2.7251851421438318E7
1089,0.9156449636970682,55390,50717.574539180605,30157420,2.73025689959775E7
1090,0.9156632119968576,0,0.0,30157420,2.73025689959775E7
1091,0.915662516567641,55380,50709.39016751596,30212800,2.7353278386145014E7
1092,0.9157106529827734,0,0.0,30212800,2.7353278386145014E7
1093,0.9158025586986996,55390,50726.30372632097,30268190,2.7404004689871334E7
1094,0.9158027325823955,0,0.0,30268190,2.7404004689871334E7
1095,0.9158095025478009,55380,50717.53025109722,30323570,2.745472222012243E7
1096,0.9158127455193806,0,0.0,30323570,2.745472222012243E7
1097,0.9158162689435324,0,0.0,30323570,2.745472222012243E7
1098,0.9159576045719183,83080,76097.75778783497,30406650,2.7530819977910265E7
1099,0.9159589958795835,0,0.0,30406650,2.7530819977910265E7
1100,0.9159987296397557,0,0.0,30406650,2.7530819977910265E7
1101,0.9166531684816028,83080,76155.54523745156,30489730,2.7606975523147717E7
1102,0.9166526463458398,0,0.0,30489730,2.7606975523147717E7
1103,0.8723258645479351,55380,48309.40637866465,30545110,2.765528492952638E7
1104,0.8752850316084387,0,0.0,30545110,2.765528492952638E7
1105,0.8746618322466302,55380,48438.77226981838,30600490,2.77037237017962E7
1106,0.8748418211428115,0,0.0,30600490,2.77037237017962E7
1107,0.8747392715917252,0,0.0,30600490,2.77037237017962E7
1108,0.8747786359036568,83080,72676.60907087581,30683570,2.7776400310867075E7
1109,0.8722656544873891,0,0.0,30683570,2.7776400310867075E7
1110,0.8722661513398172,55390,48314.822122712474,30738960,2.7824715132989787E7
1111,0.8719910711884991,27690,24145.43276120954,30766650,2.7848860565750998E7
1112,0.8719858936402315,27690,24145.28939489801,30794340,2.7873005855145894E7
1113,0.8715788295602496,27690,24134.01779052331,30822030,2.7897139872936416E7
1114,0.8719583767707271,0,0.0,30822030,2.7897139872936416E7
1115,0.8719578800936107,55390,48297.7469783851,30877420,2.79454376199148E7
1116,0.8726202125615584,0,0.0,30877420,2.79454376199148E7
1117,0.8648276110458719,55380,47894.15309972039,30932800,2.799333177301452E7
1118,0.9541662280443599,27690,26420.862854548326,30960490,2.8019752635869067E7
1119,0.9453763173796902,0,0.0,30960490,2.8019752635869067E7
1120,0.9460674119438198,55390,52402.67394756818,31015880,2.8072155309816636E7
1121,0.9448573186059837,0,0.0,31015880,2.8072155309816636E7
1122,0.9448445452061706,0,0.0,31015880,2.8072155309816636E7
1123,0.9447831519780049,83080,78492.58426633265,31098960,2.8150647894082967E7
1124,0.990704441400591,0,0.0,31098960,2.8150647894082967E7
1125,0.9901383408561683,55380,54833.861316614595,31154340,2.820548175539958E7
1126,0.9901368368728355,27690,27416.889013008815,31182030,2.823289864441259E7
1127,0.9901375888637023,27700,27426.811211524553,31209730,2.8260325455624115E7
1128,0.986137648522738,27690,27306.151487594616,31237420,2.828763160711171E7
1129,0.988679730530729,27690,27376.541738395885,31265110,2.8315008148850106E7
1130,0.9972802607531962,0,0.0,31265110,2.8315008148850106E7
1131,0.9980692261134263,55380,55273.07374216155,31320490,2.837028122259227E7
1132,0.9980684680986304,0,0.0,31320490,2.837028122259227E7
1133,0.9980789233921616,0,0.0,31320490,2.837028122259227E7
1134,0.9980184623192128,83080,82915.3738494802,31403570,2.845319659644175E7
1135,0.9980279701326951,0,0.0,31403570,2.845319659644175E7
1136,0.9980285386207671,55390,55280.80075420429,31458960,2.8508477397195954E7
1137,0.9978757184875485,27690,27631.17864492022,31486650,2.8536108575840876E7
1138,0.9982118315907944,27690,27640.485616749098,31514340,2.8563749061457623E7
1139,0.9982103153441293,0,0.0,31514340,2.8563749061457623E7
1140,0.9962185128464217,55390,55180.5434265633,31569730,2.8618929604884185E7
1141,0.9946712197242497,0,0.0,31569730,2.8618929604884185E7
1142,0.9946719751591557,55380,55084.93398431405,31625110,2.8674014538868498E7
1143,0.9944837915710398,0,0.0,31625110,2.8674014538868498E7
1144,0.9944575432173843,55380,55073.058743378744,31680490,2.8729087597611878E7
1145,0.989246576127554,0,0.0,31680490,2.8729087597611878E7
1146,0.9892467639560866,55390,54794.378255527634,31735880,2.8783881975867406E7
1147,0.989247515271216,0,0.0,31735880,2.8783881975867406E7
1148,0.9892467639560866,55380,54784.48578788807,31791260,2.8838666461655293E7
1149,0.9892473274422838,0,0.0,31791260,2.8838666461655293E7
1150,0.9908676002677985,0,0.0,31791260,2.8838666461655293E7
1151,0.9892246268634335,83080,82184.78199981405,31874340,2.8920851243655108E7
1152,0.9901026124168127,0,0.0,31874340,2.8920851243655108E7
1153,0.9901033643816866,55390,54841.825353101616,31929730,2.897569306900821E7
1154,0.9915326131468901,0,0.0,31929730,2.897569306900821E7
1155,0.991533366198081,55380,54911.11782004972,31985110,2.903060418682826E7
1156,0.9925772817396638,0,0.0,31985110,2.903060418682826E7
1157,0.9922455998383872,0,0.0,31985110,2.903060418682826E7
1158,0.9930961150245314,83080,82506.42523623806,32068190,2.9113110612064496E7
1159,0.9915849817805134,0,0.0,32068190,2.9113110612064496E7
1160,0.9914737150345752,55380,54907.81433861477,32123570,2.916801842640311E7
1161,0.9914729620286883,0,0.0,32123570,2.916801842640311E7
1162,0.9914735267829532,55390,54917.71864850778,32178960,2.9222936145051617E7
1163,0.9914727737774668,0,0.0,32178960,2.9222936145051617E7
1164,0.9929890760151755,55380,54991.73502972042,32234340,2.9277927880081337E7
1165,0.968141357816753,0,0.0,32234340,2.9277927880081337E7
1166,0.971138225150829,55390,53791.34629110442,32289730,2.9331719226372443E7
1167,0.9711376719797764,0,0.0,32289730,2.9331719226372443E7
1168,0.9711384095413761,55380,53781.64512040141,32345110,2.9385500871492844E7
1169,0.966919440348186,0,0.0,32345110,2.9385500871492844E7
1170,0.9667985335174758,55380,53541.30278619781,32400490,2.943904217427904E7
1171,0.9630363607441321,0,0.0,32400490,2.943904217427904E7
1172,0.9562137225826726,55390,52964.678093854236,32455880,2.9492006852372896E7
1173,0.9554173793365264,0,0.0,32455880,2.9492006852372896E7
1174,0.9554166537147574,55380,52910.97428272326,32511260,2.954491782665562E7
1175,0.9553380147699574,0,0.0,32511260,2.954491782665562E7
1176,0.9505225541674882,55390,52649.44427533717,32566650,2.9597567270930957E7
1177,0.9505239979781067,0,0.0,32566650,2.9597567270930957E7
1178,0.9547407849981618,55380,52873.5446731982,32622030,2.9650440815604154E7
1179,0.9547415101063729,0,0.0,32622030,2.9650440815604154E7
1180,0.95474096627507,55390,52883.102121976124,32677420,2.970332391772613E7
1181,0.9488082767400934,27690,26272.501182933185,32705110,2.972959641890906E7
1182,0.9498952509038743,0,0.0,32705110,2.972959641890906E7
1183,0.8531854426242191,55380,47249.40981252926,32760490,2.977684582872159E7
1184,0.7754549284052473,0,0.0,32760490,2.977684582872159E7
1185,0.779167802178527,55390,43158.10456266861,32815880,2.982000393328426E7
1186,0.7867591696583577,0,0.0,32815880,2.982000393328426E7
1187,0.7868596989721272,55380,43576.2901290764,32871260,2.9863580223413337E7
1188,0.7844047275336019,0,0.0,32871260,2.9863580223413337E7
1189,0.78422660529086,0,0.0,32871260,2.9863580223413337E7
1190,0.7844916172191227,83080,65175.56355856472,32954340,2.99287557869719E7
1191,0.7842341363474651,0,0.0,32954340,2.99287557869719E7
1192,0.7839982738159651,0,0.0,32954340,2.99287557869719E7
1193,0.7895026260305642,83080,65591.87817061927,33037420,2.999434766514252E7
1194,0.7891466814557819,0,0.0,33037420,2.999434766514252E7
1195,0.8121651158506347,55380,44977.70411580815,33092800,3.003932536925833E7
1196,0.8051987714707322,0,0.0,33092800,3.003932536925833E7
1197,0.8118427847862997,55390,44967.97184931314,33148190,3.0084293341107644E7
1198,0.8121953753366882,0,0.0,33148190,3.0084293341107644E7
1199,0.8121538120456897,0,0.0,33148190,3.0084293341107644E7
1200,0.812207446151641,83070,67470.07255181682,33231260,3.015176341365946E7
1201,0.8122027483294275,0,0.0,33231260,3.015176341365946E7
1202,0.8102349591914546,0,0.0,33231260,3.015176341365946E7
1203,0.8119316374599252,83080,67455.2804401706,33314340,3.021921869409963E7
1204,0.812088812735981,0,0.0,33314340,3.021921869409963E7
1205,0.8120894295026211,55390,44981.63350015018,33369730,3.0264200327599782E7
1206,0.812088966927518,27690,22486.743494222974,33397420,3.0286687071094006E7
1207,0.8122622014832835,27690,22491.54035907212,33425110,3.030917861145308E7
1208,0.8132178632018939,0,0.0,33425110,3.030917861145308E7
1209,0.8889840536844099,55380,49231.93689304262,33480490,3.035841054834612E7
1210,0.8694432996906301,0,0.0,33480490,3.035841054834612E7
1211,0.8642323398561272,55390,47869.82930463089,33535880,3.0406280377650753E7
1212,0.8645887711819596,0,0.0,33535880,3.0406280377650753E7
1213,0.864268976267315,55380,47863.21590568391,33591260,3.0454143593556438E7
1214,0.8652585309472204,0,0.0,33591260,3.0454143593556438E7
1215,0.8620655699426866,55390,47749.81191912541,33646650,3.0501893405475564E7
1216,0.8619904302880066,27690,23868.515014674904,33674340,3.052576192049024E7
1217,0.8622656931708848,0,0.0,33674340,3.052576192049024E7
1218,0.8625193590971052,55390,47774.94730038866,33729730,3.057353686779063E7
1219,0.8626738166575095,0,0.0,33729730,3.057353686779063E7
1220,0.8624295209994667,55380,47761.34687295047,33785110,3.062129821466358E7
1221,0.8622311050810018,27690,23875.17929969294,33812800,3.0645173393963274E7
1222,0.8623104519449829,0,0.0,33812800,3.0645173393963274E7
1223,0.9481508010906415,55390,52518.07287241064,33868190,3.0697691466835685E7
1224,0.8970926839957718,0,0.0,33868190,3.0697691466835685E7
1225,0.8988091129564594,55380,49776.04867552872,33923570,3.0747467515511215E7
1226,0.8991056014344265,0,0.0,33923570,3.0747467515511215E7
1227,0.899367446016146,55390,49815.96283483433,33978960,3.079728347834605E7
1228,0.8995086840825406,0,0.0,33978960,3.079728347834605E7
1229,0.8987694424577088,55380,49773.85172330792,34034340,3.084705733006936E7
1230,0.8985928971467935,0,0.0,34034340,3.084705733006936E7
1231,0.8982606246292244,55390,49754.65599821274,34089730,3.089681198606757E7
1232,0.815239208269766,0,0.0,34089730,3.089681198606757E7
1233,0.8189436062775276,0,0.0,34089730,3.089681198606757E7
1234,0.813013680992009,83070,67537.04648000619,34172800,3.096434903254758E7
1235,0.8130141440938398,0,0.0,34172800,3.096434903254758E7
1236,0.8119871147551775,55390,44975.96628628928,34228190,3.100932499883387E7
1237,0.812001440823193,27690,22484.319896394216,34255880,3.103180931873026E7
1238,0.811933999950489,27690,22482.45245862904,34283570,3.105429177118889E7
1239,0.8121230104859587,27690,22487.686160356196,34311260,3.1076779457349245E7
1240,0.8129132104630158,0,0.0,34311260,3.1076779457349245E7
1241,0.8139614889396881,55390,45085.326872369325,34366650,3.1121864784221616E7
1242,0.8206398547351422,0,0.0,34366650,3.1121864784221616E7
1243,0.8480642909988562,55380,46965.800435516656,34422030,3.1168830584657133E7
1244,0.8482162402497235,27700,23495.589854917343,34449730,3.119232617451205E7
1245,0.8526994747994524,0,0.0,34449730,3.119232617451205E7
1246,0.8526643897012198,55380,47220.553901653555,34505110,3.1239546728413705E7
1247,0.8635852139912186,0,0.0,34505110,3.1239546728413705E7
1248,0.864176785732731,55380,47858.11039387865,34560490,3.1287404838807583E7
1249,0.8642071653094406,0,0.0,34560490,3.1287404838807583E7
1250,0.8630334356281242,55390,47803.4219994418,34615880,3.1335208260807026E7
1251,0.8630528122568919,0,0.0,34615880,3.1335208260807026E7
1252,0.8629578109283293,0,0.0,34615880,3.1335208260807026E7
1253,0.8603653304408011,83080,71479.15165302175,34698960,3.1406687412460048E7
1254,0.8603646770095227,0,0.0,34698960,3.1406687412460048E7
1255,0.8659764884901201,55380,47957.77793258285,34754340,3.1454645190392632E7
1256,0.8665178270073124,0,0.0,34754340,3.1454645190392632E7
1257,0.8702983782108338,55390,48205.827169098084,34809730,3.150285101756173E7
1258,0.8706883801359828,0,0.0,34809730,3.150285101756173E7
1259,0.8709999562799345,55380,48235.977578782775,34865110,3.155108699514051E7
1260,0.8686181378724579,27690,24052.03623768836,34892800,3.15751390313782E7
1261,0.868716019810473,0,0.0,34892800,3.15751390313782E7
1262,0.8437400248477072,55390,46734.7599763145,34948190,3.1621873791354515E7
1263,0.843784777015042,0,0.0,34948190,3.1621873791354515E7
1264,0.8435139849495735,55380,46713.80448650738,35003570,3.166858759584102E7
1265,0.8434398653332973,27690,23354.849871079,35031260,3.16919424457121E7
1266,0.8660612344209397,27700,23989.89619346003,35058960,3.171593234190556E7
1267,0.86841979787046,27690,24046.544203033038,35086650,3.1739978886108592E7
1268,0.8686453974448253,0,0.0,35086650,3.1739978886108592E7
1269,0.8686208345886242,55380,48104.221819518,35142030,3.178808310792811E7
1270,0.868527959874724,0,0.0,35142030,3.178808310792811E7
1271,0.8614364021801123,0,0.0,35142030,3.178808310792811E7
1272,0.8612060522959323,83080,71548.99882474606,35225110,3.1859632106752854E7
1273,0.8551637097921186,0,0.0,35225110,3.1859632106752854E7
1274,0.8536451474433409,55380,47274.86826541222,35280490,3.1906906975018267E7
1275,0.8534913237680458,0,0.0,35280490,3.1906906975018267E7
1276,0.8504171147805469,55390,47104.60398769449,35335880,3.195401157900596E7
1277,0.8504587756944716,0,0.0,35335880,3.195401157900596E7
1278,0.8503910288895911,55380,47094.65517990555,35391260,3.2001106234185867E7
1279,0.8517720297256578,0,0.0,35391260,3.2001106234185867E7
1280,0.8509433846853587,55390,47133.75407772202,35446650,3.204823998826359E7
1281,0.8509446772386907,0,0.0,35446650,3.204823998826359E7
1282,0.8509601580883563,55380,47126.17355493317,35502030,3.2095366161818523E7
1283,0.847983489072885,0,0.0,35502030,3.2095366161818523E7
1284,0.8470961183713972,55390,46920.65399659169,35557420,3.2142286815815113E7
1285,0.8470772326268952,0,0.0,35557420,3.2142286815815113E7
1286,0.8509890964741159,0,0.0,35557420,3.2142286815815113E7
1287,0.8595132476907448,83070,71399.76548567017,35640490,3.2213686581300784E7
1288,0.8594649972031991,0,0.0,35640490,3.2213686581300784E7
1289,0.8593731153258771,55390,47600.67685790033,35695880,3.2261287258158684E7
1290,0.8593870430561338,0,0.0,35695880,3.2261287258158684E7
1291,0.8594229007796611,55380,47594.840245177635,35751260,3.230888209840386E7
1292,0.853800315949141,0,0.0,35751260,3.230888209840386E7
1293,0.8537144805067876,55390,47287.24507527096,35806650,3.235616934347913E7
1294,0.8536998615174326,0,0.0,35806650,3.235616934347913E7
1295,0.8225731055275972,55380,45554.098584118336,35862030,3.240172344206325E7
1296,0.8936741431220332,0,0.0,35862030,3.240172344206325E7
1297,0.8929152351594511,55390,49458.574875482,35917420,3.245118201693873E7
1298,0.8999277814753807,0,0.0,35917420,3.245118201693873E7
1299,0.8999237424656258,55380,49837.77685774636,35972800,3.2501019793796476E7
1300,0.8999670398895232,0,0.0,35972800,3.2501019793796476E7
1301,0.8945433878091499,0,0.0,35972800,3.2501019793796476E7
