"date","model","mean_prediction","variety_count","record_count","val_year"
"2021-01-04","GradientBoosting","0.91278906245129","11","11","2021"
"2021-01-05","GradientBoosting","0.91693602474222","11","11","2021"
"2021-01-06","GradientBoosting","0.910297233137002","11","11","2021"
"2021-01-07","GradientBoosting","0.910297233137002","11","11","2021"
"2021-01-08","GradientBoosting","0.909148002706676","11","11","2021"
"2021-01-11","GradientBoosting","0.909163870382492","11","11","2021"
"2021-01-12","GradientBoosting","0.90908766923733","11","11","2021"
"2021-01-13","GradientBoosting","0.909299986822149","11","11","2021"
"2021-01-14","GradientBoosting","0.910184222058982","11","11","2021"
"2021-01-15","GradientBoosting","0.911358626882633","11","11","2021"
"2021-01-19","GradientBoosting","0.918834717994794","10","10","2021"
"2021-01-20","GradientBoosting","0.949542107649002","10","10","2021"
"2021-01-21","GradientBoosting","0.949711517579789","10","10","2021"
"2021-01-22","GradientBoosting","0.95473174776126","10","10","2021"
"2021-01-25","GradientBoosting","0.954691739380812","10","10","2021"
"2021-01-26","GradientBoosting","0.966920052212453","10","10","2021"
"2021-01-27","GradientBoosting","0.967581859071489","10","10","2021"
"2021-01-28","GradientBoosting","0.967616608673366","10","10","2021"
"2021-01-29","GradientBoosting","0.966302249180385","10","10","2021"
"2021-02-01","GradientBoosting","0.966323210471768","10","10","2021"
"2021-02-02","GradientBoosting","0.96621757538388","10","10","2021"
"2021-02-03","GradientBoosting","0.96331433527541","10","10","2021"
"2021-02-04","GradientBoosting","0.96331433527541","10","10","2021"
"2021-02-05","GradientBoosting","0.969596173035913","10","10","2021"
"2021-02-08","GradientBoosting","0.970203759909361","10","10","2021"
"2021-02-09","GradientBoosting","0.97443594486531","10","10","2021"
"2021-02-10","GradientBoosting","0.974873168671947","10","10","2021"
"2021-02-11","GradientBoosting","0.975221286716194","10","10","2021"
"2021-02-12","GradientBoosting","0.972555205458695","10","10","2021"
"2021-02-16","GradientBoosting","0.97266424570836","10","10","2021"
"2021-02-17","GradientBoosting","0.94470040774632","10","10","2021"
"2021-02-18","GradientBoosting","0.944750335495848","10","10","2021"
"2021-02-19","GradientBoosting","0.944446423716288","10","10","2021"
"2021-02-22","GradientBoosting","0.94436415238859","10","10","2021"
"2021-02-23","GradientBoosting","0.969691795828834","10","10","2021"
"2021-02-24","GradientBoosting","0.972333317115399","10","10","2021"
"2021-02-25","GradientBoosting","0.972584434198956","10","10","2021"
"2021-02-26","GradientBoosting","0.972558409518306","10","10","2021"
"2021-03-01","GradientBoosting","0.972453683025755","10","10","2021"
"2021-03-02","GradientBoosting","0.964514117980454","10","10","2021"
"2021-03-03","GradientBoosting","0.96425547256616","10","10","2021"
"2021-03-04","GradientBoosting","0.957490848066788","10","10","2021"
"2021-03-05","GradientBoosting","0.955790033228266","10","10","2021"
"2021-03-08","GradientBoosting","0.955618529199386","10","10","2021"
"2021-03-09","GradientBoosting","0.952176285216402","10","10","2021"
"2021-03-10","GradientBoosting","0.952222207994327","10","10","2021"
"2021-03-11","GradientBoosting","0.952147077941154","10","10","2021"
"2021-03-12","GradientBoosting","0.953692783274949","10","10","2021"
"2021-03-15","GradientBoosting","0.952765708402172","10","10","2021"
"2021-03-16","GradientBoosting","0.952765708402172","10","10","2021"
"2021-03-17","GradientBoosting","0.952784488879789","10","10","2021"
"2021-03-18","GradientBoosting","0.949450916022209","10","10","2021"
"2021-03-19","GradientBoosting","0.948457905177805","10","10","2021"
"2021-03-22","GradientBoosting","0.948436039283673","10","10","2021"
"2021-03-23","GradientBoosting","0.952816709068096","10","10","2021"
"2021-03-24","GradientBoosting","0.962360294591844","10","10","2021"
"2021-03-25","GradientBoosting","0.9623070014346","10","10","2021"
"2021-03-26","GradientBoosting","0.962203942446524","10","10","2021"
"2021-03-29","GradientBoosting","0.96221880595258","10","10","2021"
"2021-03-30","GradientBoosting","0.962259685125755","10","10","2021"
"2021-03-31","GradientBoosting","0.955963768780748","10","10","2021"
"2021-04-01","GradientBoosting","0.955868388463937","10","10","2021"
"2021-04-02","GradientBoosting","0.955850568289459","10","10","2021"
"2021-04-05","GradientBoosting","0.921000693706974","10","10","2021"
"2021-04-06","GradientBoosting","1.00060879102759","10","10","2021"
"2021-04-07","GradientBoosting","0.999759643650465","11","11","2021"
"2021-04-08","GradientBoosting","1.0076105316359","11","11","2021"
"2021-04-09","GradientBoosting","1.00760677458859","11","11","2021"
"2021-04-12","GradientBoosting","1.00765467892201","11","11","2021"
"2021-04-13","GradientBoosting","1.00158280788281","11","11","2021"
"2021-04-14","GradientBoosting","0.984547801497917","11","11","2021"
"2021-04-15","GradientBoosting","0.984620610715321","11","11","2021"
"2021-04-16","GradientBoosting","0.975428100223973","11","11","2021"
"2021-04-19","GradientBoosting","0.975373160694797","11","11","2021"
"2021-04-20","GradientBoosting","0.977051880083416","11","11","2021"
"2021-04-21","GradientBoosting","0.977009980374789","11","11","2021"
"2021-04-22","GradientBoosting","0.977431939259925","11","11","2021"
"2021-04-23","GradientBoosting","0.974308097690884","11","11","2021"
"2021-04-26","GradientBoosting","0.974338023120666","11","11","2021"
"2021-04-27","GradientBoosting","0.958531682119899","11","11","2021"
"2021-04-28","GradientBoosting","0.9640498633725","11","11","2021"
"2021-04-29","GradientBoosting","0.963927989020168","11","11","2021"
"2021-04-30","GradientBoosting","0.967449899226117","11","11","2021"
"2021-05-03","GradientBoosting","0.967486988907112","11","11","2021"
"2021-05-04","GradientBoosting","0.96664984529581","11","11","2021"
"2021-05-05","GradientBoosting","0.963442304508648","11","11","2021"
"2021-05-06","GradientBoosting","0.958119999461639","11","11","2021"
"2021-05-07","GradientBoosting","0.957034017169317","11","11","2021"
"2021-05-10","GradientBoosting","0.957023636817186","11","11","2021"
"2021-05-11","GradientBoosting","0.963660477613817","11","11","2021"
"2021-05-12","GradientBoosting","0.966479320356509","11","11","2021"
"2021-05-13","GradientBoosting","0.966804333325484","11","11","2021"
"2021-05-14","GradientBoosting","0.952243907948902","11","11","2021"
"2021-05-17","GradientBoosting","0.952245244767071","11","11","2021"
"2021-05-18","GradientBoosting","0.961394797650984","11","11","2021"
"2021-05-19","GradientBoosting","0.961305463881729","11","11","2021"
"2021-05-20","GradientBoosting","0.951930202447469","11","11","2021"
"2021-05-21","GradientBoosting","0.948343908385529","11","11","2021"
"2021-05-24","GradientBoosting","0.952038376643931","11","11","2021"
"2021-05-25","GradientBoosting","0.957408663128897","11","11","2021"
"2021-05-26","GradientBoosting","0.957356317734752","11","11","2021"
"2021-05-27","GradientBoosting","0.957324635833408","11","11","2021"
"2021-05-28","GradientBoosting","0.957243601350322","11","11","2021"
"2021-06-01","GradientBoosting","0.957528323686852","11","11","2021"
"2021-06-02","GradientBoosting","0.971493090421937","11","11","2021"
"2021-06-03","GradientBoosting","0.970618407843099","11","11","2021"
"2021-06-04","GradientBoosting","0.964972245096382","11","11","2021"
"2021-06-07","GradientBoosting","1.0172004400358","8","8","2021"
"2021-06-08","GradientBoosting","1.0681611491548","8","8","2021"
"2021-06-09","GradientBoosting","1.06830485484107","8","8","2021"
"2021-06-10","GradientBoosting","1.06759854369706","8","8","2021"
"2021-06-11","GradientBoosting","1.07216147408911","8","8","2021"
"2021-06-14","GradientBoosting","1.07210991511816","8","8","2021"
"2021-06-15","GradientBoosting","1.07185190108015","8","8","2021"
"2021-06-16","GradientBoosting","1.07159737680339","8","8","2021"
"2021-06-17","GradientBoosting","1.07159737680339","8","8","2021"
"2021-06-18","GradientBoosting","1.07200539986204","8","8","2021"
"2021-06-21","GradientBoosting","1.10517496566212","7","7","2021"
"2021-06-22","GradientBoosting","1.09847670132597","7","7","2021"
"2021-06-23","GradientBoosting","1.09862916547455","7","7","2021"
"2021-06-24","GradientBoosting","1.09884984420223","7","7","2021"
"2021-06-25","GradientBoosting","1.09445139836388","7","7","2021"
"2021-06-28","GradientBoosting","1.0944826353555","7","7","2021"
"2021-06-29","GradientBoosting","1.10158912682593","7","7","2021"
"2021-06-30","GradientBoosting","1.10193789551505","7","7","2021"
"2021-07-01","GradientBoosting","1.10194363947791","7","7","2021"
"2021-07-02","GradientBoosting","1.10248803538684","7","7","2021"
"2021-07-06","GradientBoosting","1.10252222839067","7","7","2021"
"2021-07-07","GradientBoosting","1.10209723092216","7","7","2021"
"2021-07-08","GradientBoosting","1.10673508105165","7","7","2021"
"2021-07-09","GradientBoosting","1.10931390125853","7","7","2021"
"2021-07-12","GradientBoosting","1.10977362538442","7","7","2021"
"2021-07-13","GradientBoosting","1.10987741982481","7","7","2021"
"2021-07-14","GradientBoosting","1.10987741982481","7","7","2021"
"2021-07-15","GradientBoosting","1.10984618283319","7","7","2021"
"2021-07-16","GradientBoosting","1.10991934646955","7","7","2021"
"2021-07-19","GradientBoosting","1.11011150140763","7","7","2021"
"2021-07-20","GradientBoosting","1.11011979911435","7","7","2021"
"2021-07-21","GradientBoosting","1.1073563371712","7","7","2021"
"2021-07-22","GradientBoosting","1.1073563371712","7","7","2021"
"2021-07-23","GradientBoosting","1.11076336372569","7","7","2021"
"2021-07-26","GradientBoosting","1.11075506601897","7","7","2021"
"2021-07-27","GradientBoosting","1.11004686705879","7","7","2021"
"2021-07-28","GradientBoosting","1.10273487990741","7","7","2021"
"2021-07-29","GradientBoosting","1.10273983856707","7","7","2021"
"2021-07-30","GradientBoosting","1.1019106707634","7","7","2021"
"2021-08-02","GradientBoosting","1.10186629460581","7","7","2021"
"2021-08-03","GradientBoosting","1.10628438215736","7","7","2021"
"2021-08-04","GradientBoosting","1.106074995929","7","7","2021"
"2021-08-05","GradientBoosting","1.10616699641053","7","7","2021"
"2021-08-06","GradientBoosting","1.10657764619081","7","7","2021"
"2021-08-09","GradientBoosting","1.0278785351239","9","9","2021"
"2021-08-10","GradientBoosting","1.10615596286063","9","9","2021"
"2021-08-11","GradientBoosting","1.10630339030244","9","9","2021"
"2021-08-12","GradientBoosting","1.09914615507168","9","9","2021"
"2021-08-13","GradientBoosting","1.09918014044537","9","9","2021"
"2021-08-16","GradientBoosting","1.09924531729117","9","9","2021"
"2021-08-17","GradientBoosting","1.15021515001853","9","9","2021"
"2021-08-18","GradientBoosting","1.1493945938797","9","9","2021"
"2021-08-19","GradientBoosting","1.14390648276364","9","9","2021"
"2021-08-20","GradientBoosting","1.09162388207369","10","10","2021"
"2021-08-23","GradientBoosting","1.07325260804545","10","10","2021"
"2021-08-24","GradientBoosting","1.07343626736562","10","10","2021"
"2021-08-25","GradientBoosting","1.07225026522247","10","10","2021"
"2021-08-26","GradientBoosting","1.06376606053443","10","10","2021"
"2021-08-27","GradientBoosting","1.01833047930723","10","10","2021"
"2021-08-30","GradientBoosting","1.0183782413181","10","10","2021"
"2021-08-31","GradientBoosting","1.09192890424582","10","10","2021"
"2021-09-01","GradientBoosting","1.09173273252175","10","10","2021"
"2021-09-02","GradientBoosting","1.09483672449812","10","10","2021"
"2021-09-03","GradientBoosting","1.08351981850775","10","10","2021"
"2021-09-07","GradientBoosting","1.08527801560417","10","10","2021"
"2021-09-08","GradientBoosting","1.09799493294999","10","10","2021"
"2021-09-09","GradientBoosting","1.06884623298569","11","11","2021"
"2021-09-10","GradientBoosting","1.05701717930644","11","11","2021"
"2021-09-13","GradientBoosting","1.05710727986006","11","11","2021"
"2021-09-14","GradientBoosting","1.04474045476948","11","11","2021"
"2021-09-15","GradientBoosting","1.04452951593845","11","11","2021"
"2021-09-16","GradientBoosting","1.04435094183707","11","11","2021"
"2021-09-17","GradientBoosting","1.03647078494718","11","11","2021"
"2021-09-20","GradientBoosting","1.03019776498074","11","11","2021"
"2021-09-21","GradientBoosting","1.01165063553967","11","11","2021"
"2021-09-22","GradientBoosting","1.00791084689174","11","11","2021"
"2021-09-23","GradientBoosting","1.0079159626993","11","11","2021"
"2021-09-24","GradientBoosting","1.01203754850842","11","11","2021"
"2021-09-27","GradientBoosting","1.01018596485463","11","11","2021"
"2021-09-28","GradientBoosting","0.998683607969806","11","11","2021"
"2021-09-29","GradientBoosting","1.02280004240787","11","11","2021"
"2021-09-30","GradientBoosting","1.01348906442684","11","11","2021"
"2021-10-01","GradientBoosting","1.01168358099502","11","11","2021"
"2021-10-04","GradientBoosting","0.976442910765838","12","12","2021"
"2021-10-05","GradientBoosting","0.97826618025873","12","12","2021"
"2021-10-06","GradientBoosting","0.980978206990671","12","12","2021"
"2021-10-07","GradientBoosting","0.970326024406535","12","12","2021"
"2021-10-08","GradientBoosting","0.970853953096093","12","12","2021"
"2021-10-12","GradientBoosting","0.975286741363101","11","11","2021"
"2021-10-13","GradientBoosting","0.976042976412295","12","12","2021"
"2021-10-14","GradientBoosting","0.977768456094128","13","13","2021"
"2021-10-15","GradientBoosting","1.00205975645902","13","13","2021"
"2021-10-18","GradientBoosting","1.00185994852774","13","13","2021"
"2021-10-19","GradientBoosting","1.00809512701371","13","13","2021"
"2021-10-20","GradientBoosting","1.00482400148233","13","13","2021"
"2021-10-21","GradientBoosting","1.00489469676409","13","13","2021"
"2021-10-22","GradientBoosting","1.00064321430684","13","13","2021"
"2021-10-25","GradientBoosting","1.0004040007889","13","13","2021"
"2021-10-26","GradientBoosting","1.00044566904107","13","13","2021"
"2021-10-27","GradientBoosting","1.00057321488998","13","13","2021"
"2021-10-28","GradientBoosting","1.00058287736546","13","13","2021"
"2021-10-29","GradientBoosting","1.01269774573825","13","13","2021"
"2021-11-01","GradientBoosting","1.00499803214498","13","13","2021"
"2021-11-02","GradientBoosting","1.00503800404984","13","13","2021"
"2021-11-03","GradientBoosting","1.00999774081133","13","13","2021"
"2021-11-04","GradientBoosting","1.00533470967395","13","13","2021"
"2021-11-05","GradientBoosting","1.00400610154595","13","13","2021"
"2021-11-08","GradientBoosting","1.00229213989995","13","13","2021"
"2021-11-09","GradientBoosting","0.997774914468851","13","13","2021"
"2021-11-10","GradientBoosting","0.991943967012074","13","13","2021"
"2021-11-12","GradientBoosting","0.990037771543584","13","13","2021"
"2021-11-15","GradientBoosting","0.9881418101372","13","13","2021"
"2021-11-16","GradientBoosting","0.987642733030033","13","13","2021"
"2021-11-17","GradientBoosting","0.989094500356077","13","13","2021"
"2021-11-18","GradientBoosting","0.98921297198859","13","13","2021"
"2021-11-19","GradientBoosting","0.988652201797837","13","13","2021"
"2021-11-22","GradientBoosting","0.987711742300941","13","13","2021"
"2021-11-23","GradientBoosting","0.987683508433443","13","13","2021"
"2021-11-24","GradientBoosting","0.984318124838261","13","13","2021"
"2021-11-26","GradientBoosting","0.984327869821299","13","13","2021"
"2021-11-29","GradientBoosting","0.954685491031105","14","14","2021"
"2021-11-30","GradientBoosting","1.0238639475675","14","14","2021"
"2021-12-01","GradientBoosting","1.02352216080039","14","14","2021"
"2021-12-02","GradientBoosting","1.02242852773681","14","14","2021"
"2021-12-03","GradientBoosting","1.01926964728087","14","14","2021"
"2021-12-06","GradientBoosting","1.0196756124098","14","14","2021"
"2021-12-07","GradientBoosting","1.01875180269445","14","14","2021"
"2021-12-08","GradientBoosting","1.0169784192627","14","14","2021"
"2021-12-09","GradientBoosting","1.04148012137743","13","13","2021"
"2021-12-10","GradientBoosting","1.04072258448244","13","13","2021"
"2021-12-13","GradientBoosting","1.04080787018093","13","13","2021"
"2021-12-14","GradientBoosting","1.04066257936787","13","13","2021"
"2021-12-15","GradientBoosting","1.04045172634125","13","13","2021"
"2021-12-16","GradientBoosting","1.04029317922135","13","13","2021"
"2021-12-17","GradientBoosting","1.04084611711745","13","13","2021"
"2021-12-20","GradientBoosting","1.04942835400053","13","13","2021"
"2021-12-21","GradientBoosting","1.04900840769283","13","13","2021"
"2021-12-22","GradientBoosting","1.04898688146396","13","13","2021"
"2021-12-23","GradientBoosting","1.04973104809419","13","13","2021"
"2021-12-27","GradientBoosting","1.03524305741652","13","13","2021"
"2021-12-28","GradientBoosting","1.03792185937226","13","13","2021"
"2021-12-29","GradientBoosting","1.03819860048439","13","13","2021"
"2021-12-30","GradientBoosting","1.04767606627105","13","13","2021"
"2022-01-03","GradientBoosting","1.0538968357792","13","13","2022"
"2022-01-04","GradientBoosting","1.02293641721492","12","12","2022"
"2022-01-05","GradientBoosting","1.02848388012967","12","12","2022"
"2022-01-06","GradientBoosting","1.04436045083066","11","11","2022"
"2022-01-07","GradientBoosting","1.05293154974085","11","11","2022"
"2022-01-10","GradientBoosting","1.05289539559143","11","11","2022"
"2022-01-11","GradientBoosting","1.0385755860793","11","11","2022"
"2022-01-12","GradientBoosting","1.04243002642533","11","11","2022"
"2022-01-13","GradientBoosting","1.04257359997323","11","11","2022"
"2022-01-14","GradientBoosting","1.05244994235381","11","11","2022"
"2022-01-18","GradientBoosting","1.06479315093661","11","11","2022"
"2022-01-19","GradientBoosting","1.07030797324596","11","11","2022"
"2022-01-20","GradientBoosting","1.07058343274485","11","11","2022"
"2022-01-21","GradientBoosting","1.07063294899313","11","11","2022"
"2022-01-24","GradientBoosting","1.07067190706276","11","11","2022"
"2022-01-25","GradientBoosting","1.09714482176577","10","10","2022"
"2022-01-26","GradientBoosting","1.12395655403838","10","10","2022"
"2022-01-27","GradientBoosting","1.12259580447613","10","10","2022"
"2022-01-28","GradientBoosting","1.1283582375492","10","10","2022"
"2022-01-31","GradientBoosting","1.1284252871951","10","10","2022"
"2022-02-01","GradientBoosting","1.12810974139769","10","10","2022"
"2022-02-02","GradientBoosting","1.12965372724379","10","10","2022"
"2022-02-03","GradientBoosting","1.12786308000806","10","10","2022"
"2022-02-04","GradientBoosting","1.12789038573659","10","10","2022"
"2022-02-07","GradientBoosting","1.12739362619212","10","10","2022"
"2022-02-08","GradientBoosting","1.12327905927949","10","10","2022"
"2022-02-09","GradientBoosting","1.12308561730997","10","10","2022"
"2022-02-10","GradientBoosting","1.12362092747823","10","10","2022"
"2022-02-11","GradientBoosting","1.12491476987624","10","10","2022"
"2022-02-14","GradientBoosting","1.12504066003061","10","10","2022"
"2022-02-15","GradientBoosting","1.12504066003061","10","10","2022"
"2022-02-16","GradientBoosting","1.12355366450886","10","10","2022"
"2022-02-17","GradientBoosting","1.12337468614138","10","10","2022"
"2022-02-18","GradientBoosting","1.11954581332823","10","10","2022"
"2022-02-22","GradientBoosting","1.12280404455727","10","10","2022"
"2022-02-23","GradientBoosting","1.12285495055256","10","10","2022"
"2022-02-24","GradientBoosting","1.12166162179226","10","10","2022"
"2022-02-25","GradientBoosting","1.12396338299555","10","10","2022"
"2022-02-28","GradientBoosting","1.12419210886865","10","10","2022"
"2022-03-01","GradientBoosting","1.1252934562302","10","10","2022"
"2022-03-02","GradientBoosting","1.12051822849052","10","10","2022"
"2022-03-03","GradientBoosting","1.12051822849052","10","10","2022"
"2022-03-04","GradientBoosting","1.10868487550969","10","10","2022"
"2022-03-07","GradientBoosting","1.10861906510878","10","10","2022"
"2022-03-08","GradientBoosting","1.10862777664043","10","10","2022"
"2022-03-09","GradientBoosting","1.10861929641715","10","10","2022"
"2022-03-10","GradientBoosting","1.10864150178825","10","10","2022"
"2022-03-11","GradientBoosting","1.10760368308321","10","10","2022"
"2022-03-14","GradientBoosting","1.10424776730352","10","10","2022"
"2022-03-15","GradientBoosting","1.10436941406288","10","10","2022"
"2022-03-16","GradientBoosting","1.11632611624088","10","10","2022"
"2022-03-17","GradientBoosting","1.11632611624088","10","10","2022"
"2022-03-18","GradientBoosting","1.11464736246095","10","10","2022"
"2022-03-21","GradientBoosting","1.11477973069993","10","10","2022"
"2022-03-22","GradientBoosting","1.10814844201086","10","10","2022"
"2022-03-23","GradientBoosting","1.09955705466941","10","10","2022"
"2022-03-24","GradientBoosting","1.09942429687786","10","10","2022"
"2022-03-25","GradientBoosting","1.10077438518132","10","10","2022"
"2022-03-28","GradientBoosting","1.10065296689922","10","10","2022"
"2022-03-29","GradientBoosting","1.09760964941994","10","10","2022"
"2022-03-30","GradientBoosting","1.09775130332455","10","10","2022"
"2022-03-31","GradientBoosting","1.09755617690306","10","10","2022"
"2022-04-01","GradientBoosting","1.07828319572081","10","10","2022"
"2022-04-04","GradientBoosting","1.07859349901132","10","10","2022"
"2022-04-05","GradientBoosting","1.09934302833853","10","10","2022"
"2022-04-06","GradientBoosting","1.09934302833853","10","10","2022"
"2022-04-07","GradientBoosting","1.09979904940974","10","10","2022"
"2022-04-08","GradientBoosting","1.09978580407014","10","10","2022"
"2022-04-11","GradientBoosting","1.09973347629426","10","10","2022"
"2022-04-12","GradientBoosting","1.07869462160872","10","10","2022"
"2022-04-13","GradientBoosting","1.07906940435734","10","10","2022"
"2022-04-14","GradientBoosting","1.07939816558381","10","10","2022"
"2022-04-15","GradientBoosting","1.08214076127952","10","10","2022"
"2022-04-18","GradientBoosting","1.0823115609585","10","10","2022"
"2022-04-19","GradientBoosting","1.07830683004159","10","10","2022"
"2022-04-20","GradientBoosting","1.07807111494631","10","10","2022"
"2022-04-21","GradientBoosting","1.07810570588968","10","10","2022"
"2022-04-22","GradientBoosting","1.07711949970957","10","10","2022"
"2022-04-25","GradientBoosting","1.07710831165714","10","10","2022"
"2022-04-27","GradientBoosting","1.07758525736956","10","10","2022"
"2022-04-28","GradientBoosting","1.09186136009889","10","10","2022"
"2022-04-29","GradientBoosting","1.08874327597292","10","10","2022"
"2022-05-02","GradientBoosting","1.08702112869265","10","10","2022"
"2022-05-03","GradientBoosting","1.07974844301855","10","10","2022"
"2022-05-04","GradientBoosting","1.08461925364951","10","10","2022"
"2022-05-05","GradientBoosting","1.081081011921","10","10","2022"
"2022-05-06","GradientBoosting","1.06892400976409","10","10","2022"
"2022-05-09","GradientBoosting","1.0689974681291","10","10","2022"
"2022-05-10","GradientBoosting","1.09316415510764","10","10","2022"
"2022-05-11","GradientBoosting","1.09354397238481","10","10","2022"
"2022-05-12","GradientBoosting","1.09224408792934","10","10","2022"
"2022-05-13","GradientBoosting","1.09521711679259","10","10","2022"
"2022-05-16","GradientBoosting","1.09563742800863","10","10","2022"
"2022-05-17","GradientBoosting","1.0962601663526","10","10","2022"
"2022-05-18","GradientBoosting","1.09591725579297","10","10","2022"
"2022-05-19","GradientBoosting","1.05431894656909","11","11","2022"
"2022-05-20","GradientBoosting","1.06691237633422","11","11","2022"
"2022-05-23","GradientBoosting","1.06691237633422","11","11","2022"
"2022-05-24","GradientBoosting","1.06520136523563","11","11","2022"
"2022-05-25","GradientBoosting","1.059387042622","11","11","2022"
"2022-05-26","GradientBoosting","1.05927721553816","11","11","2022"
"2022-05-27","GradientBoosting","1.04598618808046","10","10","2022"
"2022-05-31","GradientBoosting","1.04471317041635","10","10","2022"
"2022-06-01","GradientBoosting","1.04456943769829","10","10","2022"
"2022-06-02","GradientBoosting","1.04443753207778","10","10","2022"
"2022-06-03","GradientBoosting","1.04449330545798","10","10","2022"
"2022-06-06","GradientBoosting","1.04449330545798","10","10","2022"
"2022-06-07","GradientBoosting","1.04038240505534","10","10","2022"
"2022-06-08","GradientBoosting","1.04049354818794","10","10","2022"
"2022-06-09","GradientBoosting","1.04051992258113","10","10","2022"
"2022-06-10","GradientBoosting","1.03866015234781","10","10","2022"
"2022-06-13","GradientBoosting","1.07792466300516","8","8","2022"
"2022-06-14","GradientBoosting","1.08019970532721","8","8","2022"
"2022-06-15","GradientBoosting","1.08072867196108","8","8","2022"
"2022-06-16","GradientBoosting","1.06376994140734","9","9","2022"
"2022-06-17","GradientBoosting","1.06212347023598","9","9","2022"
"2022-06-21","GradientBoosting","1.06226110676393","9","9","2022"
"2022-06-22","GradientBoosting","1.0690747810559","9","9","2022"
"2022-06-23","GradientBoosting","1.03899526954081","9","9","2022"
"2022-06-24","GradientBoosting","1.03362539403379","9","9","2022"
"2022-06-27","GradientBoosting","1.03330802041714","9","9","2022"
"2022-06-28","GradientBoosting","1.03380369414709","9","9","2022"
"2022-06-29","GradientBoosting","1.02971221673796","9","9","2022"
"2022-06-30","GradientBoosting","1.00938233372393","9","9","2022"
"2022-07-01","GradientBoosting","1.00313436856208","9","9","2022"
"2022-07-05","GradientBoosting","1.00048944244842","9","9","2022"
"2022-07-06","GradientBoosting","1.00124409157859","9","9","2022"
"2022-07-07","GradientBoosting","1.00132196695618","9","9","2022"
"2022-07-08","GradientBoosting","0.998665580806396","9","9","2022"
"2022-07-11","GradientBoosting","1.04060165371291","10","10","2022"
"2022-07-12","GradientBoosting","1.06785217264642","10","10","2022"
"2022-07-13","GradientBoosting","1.07273313170869","10","10","2022"
"2022-07-14","GradientBoosting","1.07237673100172","10","10","2022"
"2022-07-15","GradientBoosting","1.07620829274432","10","10","2022"
"2022-07-18","GradientBoosting","1.08171426330474","10","10","2022"
"2022-07-19","GradientBoosting","1.08127564232591","10","10","2022"
"2022-07-25","GradientBoosting","1.06170670770963","10","10","2022"
"2022-07-26","GradientBoosting","1.06154676603608","10","10","2022"
"2022-07-27","GradientBoosting","1.09437027288011","9","9","2022"
"2022-07-28","GradientBoosting","1.04874965009692","9","9","2022"
"2022-07-29","GradientBoosting","1.04894928050636","9","9","2022"
"2022-08-01","GradientBoosting","1.04748594231549","9","9","2022"
"2022-08-02","GradientBoosting","1.04744423082884","9","9","2022"
"2022-08-03","GradientBoosting","1.04834958531425","9","9","2022"
"2022-08-04","GradientBoosting","1.04834043155133","9","9","2022"
"2022-08-05","GradientBoosting","1.06880070501192","9","9","2022"
"2022-08-08","GradientBoosting","1.11549871486263","8","8","2022"
"2022-08-09","GradientBoosting","1.08977797456878","8","8","2022"
"2022-08-10","GradientBoosting","1.08962230518736","8","8","2022"
"2022-08-11","GradientBoosting","1.08964646533267","8","8","2022"
"2022-08-12","GradientBoosting","1.08980001358652","8","8","2022"
"2022-08-15","GradientBoosting","1.08996088250008","8","8","2022"
"2022-08-16","GradientBoosting","1.0895331815244","8","8","2022"
"2022-08-17","GradientBoosting","1.08913602720016","8","8","2022"
"2022-08-18","GradientBoosting","1.08913602720016","8","8","2022"
"2022-08-19","GradientBoosting","1.08924085790702","8","8","2022"
"2022-08-22","GradientBoosting","1.08894620802218","8","8","2022"
"2022-08-23","GradientBoosting","1.0884545546794","8","8","2022"
"2022-08-25","GradientBoosting","1.07081869437433","8","8","2022"
"2022-08-26","GradientBoosting","1.07100367128572","8","8","2022"
"2022-08-29","GradientBoosting","1.07481723863066","8","8","2022"
"2022-08-30","GradientBoosting","1.0759798281784","8","8","2022"
"2022-08-31","GradientBoosting","1.07581953499837","8","8","2022"
"2022-09-01","GradientBoosting","1.01876540013975","10","10","2022"
"2022-09-02","GradientBoosting","1.05325542310237","10","10","2022"
"2022-09-06","GradientBoosting","1.0526888797611","10","10","2022"
"2022-09-07","GradientBoosting","1.05282128922639","10","10","2022"
"2022-09-08","GradientBoosting","1.03131893303532","11","11","2022"
"2022-09-09","GradientBoosting","1.03222373772149","11","11","2022"
"2022-09-12","GradientBoosting","1.04596678584065","12","12","2022"
"2022-09-13","GradientBoosting","0.996450616948848","12","12","2022"
"2022-09-14","GradientBoosting","0.995893297633954","12","12","2022"
"2022-09-15","GradientBoosting","0.995831057203127","12","12","2022"
"2022-09-16","GradientBoosting","0.995603353108806","12","12","2022"
"2022-09-19","GradientBoosting","0.994102484626903","12","12","2022"
"2022-09-20","GradientBoosting","0.993800872775412","12","12","2022"
"2022-09-21","GradientBoosting","0.994923987410374","12","12","2022"
"2022-09-22","GradientBoosting","0.995056635200442","12","12","2022"
"2022-09-23","GradientBoosting","0.995290571492619","12","12","2022"
"2022-09-26","GradientBoosting","0.995563975120624","12","12","2022"
"2022-09-27","GradientBoosting","0.995510203077472","12","12","2022"
"2022-09-28","GradientBoosting","1.01515769095506","11","11","2022"
"2022-09-29","GradientBoosting","1.01735962960558","11","11","2022"
"2022-09-30","GradientBoosting","1.01786235586644","11","11","2022"
"2022-10-03","GradientBoosting","1.01762463158633","11","11","2022"
"2022-10-04","GradientBoosting","1.01788144117927","11","11","2022"
"2022-10-05","GradientBoosting","1.01784753250682","11","11","2022"
"2022-10-06","GradientBoosting","1.01785103089154","11","11","2022"
"2022-10-07","GradientBoosting","1.01827144282378","11","11","2022"
"2022-10-11","GradientBoosting","1.017484654243","11","11","2022"
"2022-10-12","GradientBoosting","1.04936122299334","10","10","2022"
"2022-10-13","GradientBoosting","1.06985335917631","10","10","2022"
"2022-10-14","GradientBoosting","1.06996829602962","10","10","2022"
"2022-10-17","GradientBoosting","1.07014068881475","10","10","2022"
"2022-10-18","GradientBoosting","1.06992447646055","10","10","2022"
"2022-10-19","GradientBoosting","1.06990721368196","10","10","2022"
"2022-10-20","GradientBoosting","1.06935648881171","10","10","2022"
"2022-10-21","GradientBoosting","1.06872457847827","10","10","2022"
"2022-10-24","GradientBoosting","1.06502601376506","10","10","2022"
"2022-10-25","GradientBoosting","1.06549334012595","10","10","2022"
"2022-10-26","GradientBoosting","1.0653596238235","10","10","2022"
"2022-10-27","GradientBoosting","1.06555884501772","10","10","2022"
"2022-10-28","GradientBoosting","1.06550917544876","10","10","2022"
"2022-10-31","GradientBoosting","1.06573152525949","10","10","2022"
"2022-11-01","GradientBoosting","1.05405022738709","10","10","2022"
"2022-11-02","GradientBoosting","1.05402731273608","10","10","2022"
"2022-11-03","GradientBoosting","1.05396480386013","10","10","2022"
"2022-11-04","GradientBoosting","1.05396480386013","10","10","2022"
"2022-11-07","GradientBoosting","1.0538279768312","10","10","2022"
"2022-11-08","GradientBoosting","1.05388619645349","10","10","2022"
"2022-11-09","GradientBoosting","1.05401039893234","10","10","2022"
"2022-11-10","GradientBoosting","1.05451836029914","10","10","2022"
"2022-11-14","GradientBoosting","1.05451836029914","10","10","2022"
"2022-11-15","GradientBoosting","1.054504659673","10","10","2022"
"2022-11-16","GradientBoosting","1.0544144309644","10","10","2022"
"2022-11-17","GradientBoosting","1.0544144309644","10","10","2022"
"2022-11-18","GradientBoosting","1.0544151842685","10","10","2022"
"2022-11-21","GradientBoosting","1.02908312628608","11","11","2022"
"2022-11-22","GradientBoosting","1.09173217517256","11","11","2022"
"2022-11-23","GradientBoosting","1.09202212321934","11","11","2022"
"2022-11-25","GradientBoosting","1.09214691108226","11","11","2022"
"2022-11-28","GradientBoosting","1.09228641659134","11","11","2022"
"2022-11-29","GradientBoosting","1.09315454056893","11","11","2022"
"2022-11-30","GradientBoosting","1.09266342641107","11","11","2022"
"2022-12-01","GradientBoosting","1.09182455079164","11","11","2022"
"2022-12-02","GradientBoosting","1.09174617746932","11","11","2022"
"2022-12-05","GradientBoosting","1.0917159983146","11","11","2022"
"2022-12-06","GradientBoosting","1.09155812828268","11","11","2022"
"2022-12-07","GradientBoosting","1.09145530036793","11","11","2022"
"2022-12-08","GradientBoosting","1.09145530036793","11","11","2022"
"2022-12-09","GradientBoosting","1.09169358221662","11","11","2022"
"2022-12-12","GradientBoosting","1.09279119117066","9","9","2022"
"2022-12-13","GradientBoosting","1.10235055644496","9","9","2022"
"2022-12-14","GradientBoosting","1.10240254960838","9","9","2022"
"2022-12-15","GradientBoosting","1.10243943524193","9","9","2022"
"2022-12-16","GradientBoosting","1.07130931883706","10","10","2022"
"2022-12-19","GradientBoosting","1.03079924140853","10","10","2022"
"2022-12-20","GradientBoosting","1.03078219153238","10","10","2022"
"2022-12-21","GradientBoosting","0.971740017229639","10","10","2022"
"2022-12-22","GradientBoosting","0.971551062546987","10","10","2022"
"2022-12-23","GradientBoosting","0.971427494332423","10","10","2022"
"2022-12-27","GradientBoosting","0.971323381236268","10","10","2022"
"2022-12-29","GradientBoosting","0.970703877592761","10","10","2022"
"2022-12-30","GradientBoosting","0.970392298415172","10","10","2022"
"2023-01-03","GradientBoosting","0.970499462033838","10","10","2023"
"2023-01-04","GradientBoosting","0.970476993041794","10","10","2023"
"2023-01-05","GradientBoosting","0.970318323621309","10","10","2023"
"2023-01-06","GradientBoosting","0.970081912217975","10","10","2023"
"2023-01-09","GradientBoosting","0.970261555219234","10","10","2023"
"2023-01-10","GradientBoosting","0.970263457672761","10","10","2023"
"2023-01-11","GradientBoosting","1.00029482652856","11","11","2023"
"2023-01-12","GradientBoosting","1.03999926413483","11","11","2023"
"2023-01-13","GradientBoosting","1.04016442121772","11","11","2023"
"2023-01-17","GradientBoosting","1.04029712387292","11","11","2023"
"2023-01-18","GradientBoosting","1.04009400018767","11","11","2023"
"2023-01-19","GradientBoosting","1.03978743070217","11","11","2023"
"2023-01-20","GradientBoosting","1.03955878656618","11","11","2023"
"2023-01-23","GradientBoosting","1.0392152123293","11","11","2023"
"2023-01-24","GradientBoosting","1.0392152123293","11","11","2023"
"2023-01-25","GradientBoosting","1.03888200838351","11","11","2023"
"2023-01-26","GradientBoosting","1.03912380019979","11","11","2023"
"2023-01-27","GradientBoosting","1.03933922134981","11","11","2023"
"2023-01-30","GradientBoosting","1.08280869195216","9","9","2023"
"2023-01-31","GradientBoosting","1.08625325098457","9","9","2023"
"2023-02-01","GradientBoosting","1.08680653070853","9","9","2023"
"2023-02-02","GradientBoosting","1.08701291072437","9","9","2023"
"2023-02-03","GradientBoosting","1.08706488104838","9","9","2023"
"2023-02-06","GradientBoosting","1.08721706307162","9","9","2023"
"2023-02-07","GradientBoosting","1.08707666926725","9","9","2023"
"2023-02-08","GradientBoosting","1.0872352930836","9","9","2023"
"2023-02-09","GradientBoosting","1.0872352930836","9","9","2023"
"2023-02-10","GradientBoosting","1.08677101477587","9","9","2023"
"2023-02-13","GradientBoosting","1.08674592791189","9","9","2023"
"2023-02-14","GradientBoosting","1.08691651811982","9","9","2023"
"2023-02-15","GradientBoosting","1.08689087947535","9","9","2023"
"2023-02-16","GradientBoosting","1.08685984497041","9","9","2023"
"2023-02-17","GradientBoosting","1.08729154807824","9","9","2023"
"2023-02-21","GradientBoosting","1.08724748132021","9","9","2023"
"2023-02-22","GradientBoosting","1.0872244110322","9","9","2023"
"2023-02-23","GradientBoosting","1.08767554871343","9","9","2023"
"2023-02-24","GradientBoosting","1.08767554871343","9","9","2023"
"2023-02-27","GradientBoosting","1.08725737103085","9","9","2023"
"2023-02-28","GradientBoosting","1.08725737103085","9","9","2023"
"2023-03-01","GradientBoosting","1.08725737103085","9","9","2023"
"2023-03-02","GradientBoosting","1.08704045927967","9","9","2023"
"2023-03-03","GradientBoosting","1.08717827393303","9","9","2023"
"2023-03-06","GradientBoosting","1.08706394777213","9","9","2023"
"2023-03-07","GradientBoosting","1.06015550301651","9","9","2023"
"2023-03-08","GradientBoosting","1.06028403384992","9","9","2023"
"2023-03-09","GradientBoosting","1.06037738660324","9","9","2023"
"2023-03-10","GradientBoosting","1.06025708933345","9","9","2023"
"2023-03-13","GradientBoosting","1.05960765355995","9","9","2023"
"2023-03-14","GradientBoosting","1.05925169125325","9","9","2023"
"2023-03-15","GradientBoosting","1.05951301298084","9","9","2023"
"2023-03-16","GradientBoosting","1.05951301298084","9","9","2023"
"2023-03-17","GradientBoosting","1.05932951851344","9","9","2023"
"2023-03-20","GradientBoosting","1.05932951851344","9","9","2023"
"2023-03-21","GradientBoosting","1.05932392443211","9","9","2023"
"2023-03-22","GradientBoosting","1.05950786911207","9","9","2023"
"2023-03-23","GradientBoosting","1.05978198856226","9","9","2023"
"2023-03-24","GradientBoosting","1.0602316452184","9","9","2023"
"2023-03-27","GradientBoosting","1.06016770325295","9","9","2023"
"2023-03-28","GradientBoosting","1.06016770325295","9","9","2023"
"2023-03-29","GradientBoosting","1.06023367371702","9","9","2023"
"2023-03-30","GradientBoosting","1.06023367371702","9","9","2023"
"2023-03-31","GradientBoosting","1.06048685855297","9","9","2023"
"2023-04-03","GradientBoosting","1.0608870429264","9","9","2023"
"2023-04-04","GradientBoosting","1.06084169928309","9","9","2023"
"2023-04-05","GradientBoosting","1.06081434972717","9","9","2023"
"2023-04-06","GradientBoosting","1.06081434972717","9","9","2023"
"2023-04-07","GradientBoosting","1.06081434972717","9","9","2023"
"2023-04-10","GradientBoosting","1.06084118518133","9","9","2023"
"2023-04-11","GradientBoosting","1.06084118518133","9","9","2023"
"2023-04-12","GradientBoosting","1.06084118518133","9","9","2023"
"2023-04-13","GradientBoosting","1.0610313497301","9","9","2023"
"2023-04-14","GradientBoosting","1.0610313497301","9","9","2023"
"2023-04-17","GradientBoosting","1.0610313497301","9","9","2023"
"2023-04-18","GradientBoosting","1.0610313497301","9","9","2023"
"2023-04-19","GradientBoosting","1.06113024209865","9","9","2023"
"2023-04-20","GradientBoosting","1.06113024209865","9","9","2023"
"2023-04-21","GradientBoosting","1.06113024209865","9","9","2023"
"2023-04-24","GradientBoosting","1.06113024209865","9","9","2023"
"2023-04-25","GradientBoosting","1.06119972258726","9","9","2023"
"2023-04-26","GradientBoosting","1.06119972258726","9","9","2023"
"2023-04-27","GradientBoosting","1.06160609549919","9","9","2023"
"2023-05-01","GradientBoosting","1.06160609549919","9","9","2023"
"2023-05-02","GradientBoosting","1.06160609549919","9","9","2023"
"2023-05-03","GradientBoosting","1.07882360475046","8","8","2023"
"2023-05-04","GradientBoosting","1.07133192465381","8","8","2023"
"2023-05-05","GradientBoosting","1.07134111077232","8","8","2023"
"2023-05-08","GradientBoosting","1.07118392542201","8","8","2023"
"2023-05-09","GradientBoosting","1.07118392542201","8","8","2023"
"2023-05-10","GradientBoosting","1.07118392542201","8","8","2023"
"2023-05-11","GradientBoosting","1.07118392542201","8","8","2023"
"2023-05-12","GradientBoosting","1.07133862901787","8","8","2023"
"2023-05-15","GradientBoosting","1.09107096724252","8","8","2023"
"2023-05-16","GradientBoosting","1.09123346718165","8","8","2023"
"2023-05-17","GradientBoosting","1.09122324350748","8","8","2023"
"2023-05-18","GradientBoosting","1.09135824637796","8","8","2023"
"2023-05-19","GradientBoosting","1.09138496954349","8","8","2023"
"2023-05-22","GradientBoosting","1.08412965695177","8","8","2023"
"2023-05-23","GradientBoosting","1.08403635869393","8","8","2023"
"2023-05-24","GradientBoosting","1.08403034719134","8","8","2023"
"2023-05-25","GradientBoosting","1.08409876423991","8","8","2023"
"2023-05-26","GradientBoosting","1.08408389442288","8","8","2023"
"2023-05-30","GradientBoosting","1.08394025171455","8","8","2023"
"2023-05-31","GradientBoosting","1.08462311664664","8","8","2023"
"2023-06-01","GradientBoosting","1.084677067343","8","8","2023"
"2023-06-02","GradientBoosting","1.08482841011483","8","8","2023"
"2023-06-05","GradientBoosting","1.08482841011483","8","8","2023"
"2023-06-06","GradientBoosting","1.08478787550686","8","8","2023"
"2023-06-07","GradientBoosting","1.11930382178741","8","8","2023"
"2023-06-08","GradientBoosting","1.1198138350364","8","8","2023"
"2023-06-09","GradientBoosting","1.11986613806146","8","8","2023"
"2023-06-12","GradientBoosting","1.11996441577826","8","8","2023"
"2023-06-13","GradientBoosting","1.11958803097955","8","8","2023"
"2023-06-14","GradientBoosting","1.11917449367899","8","8","2023"
"2023-06-15","GradientBoosting","1.11908104057683","8","8","2023"
"2023-06-16","GradientBoosting","1.11907223215593","8","8","2023"
"2023-06-20","GradientBoosting","1.11870422849215","8","8","2023"
"2023-06-21","GradientBoosting","1.11865921581302","8","8","2023"
"2023-06-22","GradientBoosting","1.11524281255847","8","8","2023"
"2023-06-23","GradientBoosting","1.11576778065671","8","8","2023"
"2023-06-26","GradientBoosting","1.11574781444494","8","8","2023"
"2023-06-27","GradientBoosting","1.11602630109006","8","8","2023"
"2023-06-28","GradientBoosting","1.11624804132874","8","8","2023"
"2023-06-29","GradientBoosting","1.11629155555372","8","8","2023"
"2023-06-30","GradientBoosting","1.11643249983348","8","8","2023"
"2023-07-03","GradientBoosting","1.11640895182027","8","8","2023"
"2023-07-05","GradientBoosting","1.11640895182027","8","8","2023"
"2023-07-06","GradientBoosting","1.11634053477169","8","8","2023"
"2023-07-07","GradientBoosting","1.11634053477169","8","8","2023"
"2023-07-10","GradientBoosting","1.11642530129142","8","8","2023"
"2023-07-11","GradientBoosting","1.11647767929427","8","8","2023"
"2023-07-12","GradientBoosting","1.11696635396387","8","8","2023"
"2023-07-13","GradientBoosting","1.11672500789713","8","8","2023"
"2023-07-14","GradientBoosting","1.11672500789713","8","8","2023"
"2023-07-17","GradientBoosting","1.11690525155075","8","8","2023"
"2023-07-18","GradientBoosting","1.11326059585072","8","8","2023"
"2023-07-19","GradientBoosting","1.11321290932947","8","8","2023"
"2023-07-20","GradientBoosting","1.16739467936952","8","8","2023"
"2023-07-21","GradientBoosting","1.16770908138746","8","8","2023"
"2023-07-25","GradientBoosting","1.16716559674493","8","8","2023"
"2023-07-26","GradientBoosting","1.17964292250535","8","8","2023"
"2023-07-27","GradientBoosting","1.17961755147779","8","8","2023"
"2023-07-28","GradientBoosting","1.17965223336987","8","8","2023"
"2023-07-31","GradientBoosting","1.17910013892181","8","8","2023"
"2023-08-01","GradientBoosting","1.1791573589689","8","8","2023"
"2023-08-02","GradientBoosting","1.17906479640124","8","8","2023"
"2023-08-03","GradientBoosting","1.17856020960303","8","8","2023"
"2023-08-04","GradientBoosting","1.17863761148195","8","8","2023"
"2023-08-07","GradientBoosting","1.17863761148195","8","8","2023"
"2023-08-08","GradientBoosting","1.17845138777212","8","8","2023"
"2023-08-09","GradientBoosting","1.18672861962728","8","8","2023"
"2023-08-10","GradientBoosting","1.22062739143248","8","8","2023"
"2023-08-11","GradientBoosting","1.22113324174757","8","8","2023"
"2023-08-14","GradientBoosting","1.2212415237337","8","8","2023"
"2023-08-15","GradientBoosting","1.22079308456171","8","8","2023"
"2023-08-16","GradientBoosting","1.22060624410472","8","8","2023"
"2023-08-17","GradientBoosting","1.22034574048228","8","8","2023"
"2023-08-18","GradientBoosting","1.21962999656382","8","8","2023"
"2023-08-21","GradientBoosting","1.21937261294278","8","8","2023"
"2023-08-22","GradientBoosting","1.21983419146614","8","8","2023"
"2023-08-23","GradientBoosting","1.21993614457178","8","8","2023"
"2023-08-24","GradientBoosting","1.21999430034406","8","8","2023"
"2023-08-25","GradientBoosting","1.22002436622671","8","8","2023"
"2023-08-28","GradientBoosting","1.22102495947845","8","8","2023"
"2023-08-29","GradientBoosting","1.22209823007488","8","8","2023"
"2023-08-30","GradientBoosting","1.13623668553738","10","10","2023"
"2023-08-31","GradientBoosting","1.09070960461012","10","10","2023"
"2023-09-01","GradientBoosting","1.09097885335873","10","10","2023"
"2023-09-05","GradientBoosting","1.09197343881949","10","10","2023"
"2023-09-06","GradientBoosting","1.08976486833715","10","10","2023"
"2023-09-07","GradientBoosting","1.08976765754785","10","10","2023"
"2023-09-08","GradientBoosting","1.08941370439827","10","10","2023"
"2023-09-11","GradientBoosting","1.08890629720213","10","10","2023"
"2023-09-12","GradientBoosting","1.07642608107027","10","10","2023"
"2023-09-13","GradientBoosting","1.07623985274967","10","10","2023"
"2023-09-14","GradientBoosting","1.07587289311037","10","10","2023"
"2023-09-15","GradientBoosting","1.07583140254774","10","10","2023"
"2023-09-18","GradientBoosting","1.07485031925152","10","10","2023"
"2023-09-19","GradientBoosting","1.07494551512785","10","10","2023"
"2023-09-20","GradientBoosting","1.07461082442428","10","10","2023"
"2023-09-21","GradientBoosting","1.07609479959776","10","10","2023"
"2023-09-22","GradientBoosting","1.07612599824324","10","10","2023"
"2023-09-25","GradientBoosting","1.07612599824324","10","10","2023"
"2023-09-26","GradientBoosting","1.07603076959517","10","10","2023"
"2023-09-27","GradientBoosting","1.07603143226744","10","10","2023"
"2023-09-28","GradientBoosting","1.07597580977357","10","10","2023"
"2023-09-29","GradientBoosting","1.07898895794782","10","10","2023"
"2023-10-02","GradientBoosting","1.0754528914953","10","10","2023"
"2023-10-03","GradientBoosting","1.07535807124468","10","10","2023"
"2023-10-04","GradientBoosting","1.07732125522142","10","10","2023"
"2023-10-05","GradientBoosting","1.0772917227438","10","10","2023"
"2023-10-06","GradientBoosting","1.01090917354466","10","10","2023"
"2023-10-10","GradientBoosting","1.00799027449568","10","10","2023"
"2023-10-11","GradientBoosting","1.00770482188677","10","10","2023"
"2023-10-12","GradientBoosting","1.00657453435304","10","10","2023"
"2023-10-13","GradientBoosting","1.00666402379088","10","10","2023"
"2023-10-16","GradientBoosting","1.00640675793505","10","10","2023"
"2023-10-17","GradientBoosting","1.00645161815289","10","10","2023"
"2023-10-18","GradientBoosting","1.00647963938815","10","10","2023"
"2023-10-19","GradientBoosting","1.00644055718316","10","10","2023"
"2023-10-20","GradientBoosting","1.00629894095881","10","10","2023"
"2023-10-23","GradientBoosting","1.00677569492794","10","10","2023"
"2023-10-24","GradientBoosting","1.0067833065478","10","10","2023"
"2023-10-25","GradientBoosting","1.00668482980248","10","10","2023"
"2023-10-26","GradientBoosting","1.00707796615833","10","10","2023"
"2023-10-27","GradientBoosting","1.00746737451029","10","10","2023"
"2023-10-30","GradientBoosting","1.00670600446306","10","10","2023"
"2023-10-31","GradientBoosting","1.00677443547861","10","10","2023"
"2023-11-01","GradientBoosting","1.00677443547861","10","10","2023"
"2023-11-02","GradientBoosting","1.00688014987187","10","10","2023"
"2023-11-03","GradientBoosting","1.00688014987187","10","10","2023"
"2023-11-06","GradientBoosting","1.00688014987187","10","10","2023"
"2023-11-07","GradientBoosting","1.00690503858979","10","10","2023"
"2023-11-08","GradientBoosting","1.00690503858979","10","10","2023"
"2023-11-09","GradientBoosting","1.00690269671747","10","10","2023"
"2023-11-13","GradientBoosting","1.00690269671747","10","10","2023"
"2023-11-14","GradientBoosting","1.00693468563925","10","10","2023"
"2023-11-15","GradientBoosting","0.976517451063772","11","11","2023"
"2023-11-16","GradientBoosting","0.963298840978303","11","11","2023"
"2023-11-17","GradientBoosting","0.963629870044077","11","11","2023"
"2023-11-20","GradientBoosting","0.963362520663423","11","11","2023"
"2023-11-21","GradientBoosting","0.963153868078384","11","11","2023"
"2023-11-22","GradientBoosting","0.963572277693838","11","11","2023"
"2023-11-24","GradientBoosting","0.963406127325278","11","11","2023"
"2023-11-27","GradientBoosting","0.954912990665726","11","11","2023"
"2023-11-28","GradientBoosting","0.954408733943469","11","11","2023"
"2023-11-29","GradientBoosting","0.954371684621221","11","11","2023"
"2023-11-30","GradientBoosting","0.954177896854039","11","11","2023"
"2023-12-01","GradientBoosting","0.954493409654984","11","11","2023"
"2023-12-04","GradientBoosting","0.954673033000645","11","11","2023"
"2023-12-05","GradientBoosting","0.953559929485773","11","11","2023"
"2023-12-06","GradientBoosting","0.953631858722124","11","11","2023"
"2023-12-07","GradientBoosting","0.954195980589633","11","11","2023"
"2023-12-08","GradientBoosting","0.954195980589633","11","11","2023"
"2023-12-11","GradientBoosting","0.954195980589633","11","11","2023"
"2023-12-12","GradientBoosting","0.954121832876441","11","11","2023"
"2023-12-13","GradientBoosting","0.954149960802961","11","11","2023"
"2023-12-14","GradientBoosting","0.954143665755408","11","11","2023"
"2023-12-15","GradientBoosting","0.954345583983744","11","11","2023"
"2023-12-18","GradientBoosting","0.954416528187254","11","11","2023"
"2023-12-19","GradientBoosting","0.955560814362713","11","11","2023"
"2023-12-20","GradientBoosting","0.955380149831427","11","11","2023"
"2023-12-21","GradientBoosting","0.955344270211851","11","11","2023"
"2023-12-22","GradientBoosting","0.955396387514358","11","11","2023"
"2023-12-26","GradientBoosting","0.955342906408429","11","11","2023"
"2023-12-27","GradientBoosting","0.953762445501682","11","11","2023"
"2023-12-28","GradientBoosting","0.953389177060247","11","11","2023"
"2023-12-29","GradientBoosting","0.953292692565973","11","11","2023"
"2024-01-02","GradientBoosting","0.954140966092727","11","11","2024"
"2024-01-03","GradientBoosting","0.954167681028409","11","11","2024"
"2024-01-04","GradientBoosting","0.954044354311768","11","11","2024"
"2024-01-05","GradientBoosting","0.954239761726846","11","11","2024"
"2024-01-08","GradientBoosting","1.04057969770612","10","10","2024"
"2024-01-09","GradientBoosting","0.93749200535335","10","10","2024"
"2024-01-10","GradientBoosting","0.937527814418736","10","10","2024"
"2024-01-11","GradientBoosting","0.937292638398608","10","10","2024"
"2024-01-12","GradientBoosting","0.936887394368244","10","10","2024"
"2024-01-16","GradientBoosting","0.936667807721544","10","10","2024"
"2024-01-17","GradientBoosting","0.936323345021027","10","10","2024"
"2024-01-18","GradientBoosting","0.936331808496434","10","10","2024"
"2024-01-19","GradientBoosting","0.936474995252096","10","10","2024"
"2024-01-22","GradientBoosting","0.936466356601654","10","10","2024"
"2024-01-25","GradientBoosting","0.891193214676426","10","10","2024"
"2024-01-26","GradientBoosting","0.891075211591303","10","10","2024"
"2024-01-29","GradientBoosting","0.890611622899134","10","10","2024"
"2024-01-30","GradientBoosting","0.892018548826677","10","10","2024"
"2024-01-31","GradientBoosting","0.892665718511108","10","10","2024"
"2024-02-01","GradientBoosting","0.891173307603527","10","10","2024"
"2024-02-02","GradientBoosting","0.891658464596815","10","10","2024"
"2024-02-05","GradientBoosting","0.888977708821349","10","10","2024"
"2024-02-06","GradientBoosting","0.895167551929062","10","10","2024"
"2024-02-07","GradientBoosting","0.911335878701768","10","10","2024"
"2024-02-08","GradientBoosting","0.910452514440323","10","10","2024"
"2024-02-09","GradientBoosting","0.902582670937646","10","10","2024"
"2024-02-12","GradientBoosting","0.902746967441253","10","10","2024"
"2024-02-13","GradientBoosting","0.902650171567485","10","10","2024"
"2024-02-14","GradientBoosting","0.902887333837569","10","10","2024"
"2024-02-15","GradientBoosting","0.90315118732115","10","10","2024"
"2024-02-16","GradientBoosting","0.903217326376052","10","10","2024"
"2024-02-20","GradientBoosting","0.903172350659508","10","10","2024"
"2024-02-21","GradientBoosting","0.903266015790746","10","10","2024"
"2024-02-22","GradientBoosting","0.930613333860448","9","9","2024"
"2024-02-23","GradientBoosting","0.916872993599531","9","9","2024"
"2024-02-26","GradientBoosting","0.916872993599531","9","9","2024"
"2024-02-27","GradientBoosting","0.91690816454852","9","9","2024"
"2024-02-28","GradientBoosting","0.916979778440626","9","9","2024"
"2024-02-29","GradientBoosting","0.916913097421387","9","9","2024"
"2024-03-01","GradientBoosting","0.917010527333504","9","9","2024"
"2024-03-04","GradientBoosting","0.917266996250933","9","9","2024"
"2024-03-05","GradientBoosting","0.917279222690296","9","9","2024"
"2024-03-06","GradientBoosting","0.917257462882836","9","9","2024"
"2024-03-07","GradientBoosting","0.91720937566603","9","9","2024"
"2024-03-08","GradientBoosting","0.91720937566603","9","9","2024"
"2024-03-11","GradientBoosting","0.91717603515641","9","9","2024"
"2024-03-12","GradientBoosting","0.917106188132144","9","9","2024"
"2024-03-13","GradientBoosting","0.917347969093385","9","9","2024"
"2024-03-14","GradientBoosting","0.917354704580652","9","9","2024"
"2024-03-15","GradientBoosting","0.917354704580652","9","9","2024"
"2024-03-18","GradientBoosting","0.917269566700017","9","9","2024"
"2024-03-19","GradientBoosting","0.917269566700017","9","9","2024"
"2024-03-20","GradientBoosting","0.89884850791517","9","9","2024"
"2024-03-21","GradientBoosting","0.89884850791517","9","9","2024"
"2024-03-22","GradientBoosting","0.898859399695767","9","9","2024"
"2024-03-25","GradientBoosting","0.898768147249834","9","9","2024"
"2024-03-26","GradientBoosting","0.898768147249834","9","9","2024"
"2024-03-27","GradientBoosting","0.898695674778668","9","9","2024"
"2024-03-28","GradientBoosting","0.898935776462614","9","9","2024"
"2024-03-29","GradientBoosting","0.898935776462614","9","9","2024"
"2024-04-01","GradientBoosting","0.898854348638888","9","9","2024"
"2024-04-02","GradientBoosting","0.89876634703336","9","9","2024"
"2024-04-03","GradientBoosting","0.89876634703336","9","9","2024"
"2024-04-04","GradientBoosting","0.898720564020173","9","9","2024"
"2024-04-05","GradientBoosting","0.898614606647704","9","9","2024"
"2024-04-08","GradientBoosting","0.898874214432161","9","9","2024"
"2024-04-09","GradientBoosting","0.898874214432161","9","9","2024"
"2024-04-10","GradientBoosting","0.898826127215354","9","9","2024"
"2024-04-11","GradientBoosting","0.898826127215354","9","9","2024"
"2024-04-12","GradientBoosting","0.898679533595205","9","9","2024"
"2024-04-15","GradientBoosting","0.898679533595205","9","9","2024"
"2024-04-17","GradientBoosting","0.898639931074241","9","9","2024"
"2024-04-18","GradientBoosting","0.898639931074241","9","9","2024"
"2024-04-19","GradientBoosting","0.898639931074241","9","9","2024"
"2024-04-22","GradientBoosting","0.8987536276386","9","9","2024"
"2024-04-23","GradientBoosting","0.8987536276386","9","9","2024"
"2024-04-24","GradientBoosting","0.918459293592693","9","9","2024"
"2024-04-25","GradientBoosting","0.918529788389427","9","9","2024"
"2024-04-26","GradientBoosting","0.918982945752389","9","9","2024"
"2024-04-29","GradientBoosting","0.919039952630802","9","9","2024"
"2024-04-30","GradientBoosting","0.919013263172823","9","9","2024"
"2024-05-01","GradientBoosting","0.921231632093922","9","9","2024"
"2024-05-02","GradientBoosting","0.920987634041276","9","9","2024"
"2024-05-03","GradientBoosting","0.921063947388888","9","9","2024"
"2024-05-06","GradientBoosting","0.921087053801274","9","9","2024"
"2024-05-07","GradientBoosting","0.921384250968368","9","9","2024"
"2024-05-08","GradientBoosting","0.921504185007846","9","9","2024"
"2024-05-09","GradientBoosting","0.921639237611026","9","9","2024"
"2024-05-10","GradientBoosting","0.921578240162232","9","9","2024"
"2024-05-13","GradientBoosting","0.922140874590551","9","9","2024"
"2024-05-14","GradientBoosting","0.909139265393632","9","9","2024"
"2024-05-15","GradientBoosting","0.909059882815959","9","9","2024"
"2024-05-16","GradientBoosting","0.908793636406581","9","9","2024"
"2024-05-17","GradientBoosting","0.908839419419768","9","9","2024"
"2024-05-20","GradientBoosting","0.90884883787104","9","9","2024"
"2024-05-21","GradientBoosting","0.90900964252834","9","9","2024"
"2024-05-22","GradientBoosting","0.909019516819682","9","9","2024"
"2024-05-23","GradientBoosting","0.909019516819682","9","9","2024"
"2024-05-24","GradientBoosting","0.909006366017476","9","9","2024"
"2024-05-28","GradientBoosting","0.909006366017476","9","9","2024"
"2024-05-29","GradientBoosting","0.908985546183232","9","9","2024"
"2024-05-30","GradientBoosting","0.908975118168922","9","9","2024"
"2024-05-31","GradientBoosting","0.9090059101856","9","9","2024"
"2024-06-03","GradientBoosting","0.909153320833559","9","9","2024"
"2024-06-04","GradientBoosting","0.883957014523951","10","10","2024"
"2024-06-05","GradientBoosting","0.869378757816608","10","10","2024"
"2024-06-06","GradientBoosting","0.869378215610176","10","10","2024"
"2024-06-07","GradientBoosting","0.869032320543972","10","10","2024"
"2024-06-10","GradientBoosting","0.869087411941383","10","10","2024"
"2024-06-11","GradientBoosting","0.869042029022786","10","10","2024"
"2024-06-12","GradientBoosting","0.869084094952228","10","10","2024"
"2024-06-13","GradientBoosting","0.869144046511384","10","10","2024"
"2024-06-14","GradientBoosting","0.8692125177357","10","10","2024"
"2024-06-17","GradientBoosting","0.8692125177357","10","10","2024"
"2024-06-18","GradientBoosting","0.869299074725952","10","10","2024"
"2024-06-20","GradientBoosting","0.869314684439148","10","10","2024"
"2024-06-21","GradientBoosting","0.869314684439148","10","10","2024"
"2024-06-24","GradientBoosting","0.874975964828683","10","10","2024"
"2024-06-25","GradientBoosting","0.889038976900536","9","9","2024"
"2024-06-26","GradientBoosting","0.896831542019989","9","9","2024"
"2024-06-27","GradientBoosting","0.896983168342999","9","9","2024"
"2024-06-28","GradientBoosting","0.897125079333667","9","9","2024"
"2024-07-01","GradientBoosting","0.897158419843287","9","9","2024"
"2024-07-02","GradientBoosting","0.897158419843287","9","9","2024"
"2024-07-03","GradientBoosting","0.897204929520194","9","9","2024"
"2024-07-05","GradientBoosting","0.897300970193773","9","9","2024"
"2024-07-08","GradientBoosting","0.889078459930508","8","8","2024"
"2024-07-09","GradientBoosting","0.87013243931791","8","8","2024"
"2024-07-10","GradientBoosting","0.870004386578324","8","8","2024"
"2024-07-11","GradientBoosting","0.86996810878141","8","8","2024"
"2024-07-12","GradientBoosting","0.870018086548395","8","8","2024"
"2024-07-15","GradientBoosting","0.87043811900656","8","8","2024"
"2024-07-16","GradientBoosting","0.870436669880761","8","8","2024"
"2024-07-17","GradientBoosting","0.870706784275201","8","8","2024"
"2024-07-18","GradientBoosting","0.870615178082972","8","8","2024"
"2024-07-19","GradientBoosting","0.870531151212323","8","8","2024"
"2024-07-22","GradientBoosting","0.870619130107043","8","8","2024"
"2024-07-23","GradientBoosting","0.870594650323651","8","8","2024"
"2024-07-24","GradientBoosting","0.870605060773024","8","8","2024"
"2024-07-25","GradientBoosting","0.870561373103489","8","8","2024"
"2024-07-26","GradientBoosting","0.870678532868243","8","8","2024"
"2024-07-29","GradientBoosting","0.870678532868243","8","8","2024"
"2024-07-30","GradientBoosting","0.870678532868243","8","8","2024"
"2024-07-31","GradientBoosting","0.870678532868243","8","8","2024"
"2024-08-01","GradientBoosting","0.870673417611403","8","8","2024"
"2024-08-02","GradientBoosting","0.874658912318027","8","8","2024"
"2024-08-05","GradientBoosting","0.874781928263153","8","8","2024"
"2024-08-06","GradientBoosting","0.874877032469688","8","8","2024"
"2024-08-07","GradientBoosting","0.874877032469688","8","8","2024"
"2024-08-08","GradientBoosting","0.87489987922596","8","8","2024"
"2024-08-09","GradientBoosting","0.874866960353873","8","8","2024"
"2024-08-12","GradientBoosting","0.875029028990537","8","8","2024"
"2024-08-13","GradientBoosting","0.875029028990537","8","8","2024"
"2024-08-14","GradientBoosting","0.875041282243709","8","8","2024"
"2024-08-15","GradientBoosting","0.859937336909019","8","8","2024"
"2024-08-16","GradientBoosting","0.859937336909019","8","8","2024"
"2024-08-19","GradientBoosting","0.859937336909019","8","8","2024"
"2024-08-20","GradientBoosting","0.85963225218547","8","8","2024"
"2024-08-21","GradientBoosting","0.859721797270069","8","8","2024"
"2024-08-22","GradientBoosting","0.859721797270069","8","8","2024"
"2024-08-23","GradientBoosting","0.859835176627638","8","8","2024"
"2024-08-26","GradientBoosting","0.859810696844246","8","8","2024"
"2024-08-27","GradientBoosting","0.824370474101684","11","11","2024"
"2024-08-28","GradientBoosting","0.881540521736296","11","11","2024"
"2024-08-29","GradientBoosting","0.881868584868213","11","11","2024"
"2024-08-30","GradientBoosting","0.882216381301164","11","11","2024"
"2024-09-03","GradientBoosting","0.882847407086998","11","11","2024"
"2024-09-04","GradientBoosting","0.883484610748","11","11","2024"
"2024-09-05","GradientBoosting","0.88297951720465","11","11","2024"
"2024-09-06","GradientBoosting","0.882751207641563","11","11","2024"
"2024-09-09","GradientBoosting","0.882573625140073","11","11","2024"
"2024-09-10","GradientBoosting","0.882321681390874","11","11","2024"
"2024-09-11","GradientBoosting","0.882349019625575","11","11","2024"
"2024-09-12","GradientBoosting","0.882349019625575","11","11","2024"
"2024-09-13","GradientBoosting","0.882320380465775","11","11","2024"
"2024-09-16","GradientBoosting","0.882344589981986","11","11","2024"
"2024-09-17","GradientBoosting","0.884916032924707","11","11","2024"
"2024-09-18","GradientBoosting","0.884916032924707","11","11","2024"
"2024-09-19","GradientBoosting","0.884929223393436","11","11","2024"
"2024-09-20","GradientBoosting","0.885507264212101","11","11","2024"
"2024-09-23","GradientBoosting","0.919237212272806","11","11","2024"
"2024-09-24","GradientBoosting","0.924252528813729","12","12","2024"
"2024-09-25","GradientBoosting","0.918771176914697","12","12","2024"
"2024-09-26","GradientBoosting","0.918786186527164","12","12","2024"
"2024-09-27","GradientBoosting","0.917828060883479","12","12","2024"
"2024-09-30","GradientBoosting","0.917697748820308","12","12","2024"
"2024-10-01","GradientBoosting","0.917474211496404","12","12","2024"
"2024-10-02","GradientBoosting","0.917350537277458","12","12","2024"
"2024-10-03","GradientBoosting","0.917437309124979","12","12","2024"
"2024-10-04","GradientBoosting","0.917484947640343","12","12","2024"
"2024-10-07","GradientBoosting","0.917906623133174","12","12","2024"
"2024-10-08","GradientBoosting","0.918142471253883","12","12","2024"
"2024-10-09","GradientBoosting","0.918188200712754","12","12","2024"
"2024-10-10","GradientBoosting","0.919079474010303","12","12","2024"
"2024-10-11","GradientBoosting","0.91860610193615","12","12","2024"
"2024-10-15","GradientBoosting","0.947998175371241","11","11","2024"
"2024-10-16","GradientBoosting","0.961155202396764","11","11","2024"
"2024-10-17","GradientBoosting","0.961200478557339","11","11","2024"
"2024-10-18","GradientBoosting","0.961082276334986","11","11","2024"
"2024-10-21","GradientBoosting","0.961306293082471","11","11","2024"
"2024-10-22","GradientBoosting","0.961429308583354","11","11","2024"
"2024-10-23","GradientBoosting","0.961635189557715","11","11","2024"
"2024-10-24","GradientBoosting","0.961532591169137","11","11","2024"
"2024-10-25","GradientBoosting","0.961621616983213","11","11","2024"
"2024-10-28","GradientBoosting","0.961606041442588","11","11","2024"
"2024-10-29","GradientBoosting","0.961689762849615","11","11","2024"
"2024-10-30","GradientBoosting","0.961707225318259","11","11","2024"
"2024-10-31","GradientBoosting","0.961636412820163","11","11","2024"
"2024-11-01","GradientBoosting","0.961647724994548","11","11","2024"
"2024-11-04","GradientBoosting","0.96192170669165","11","11","2024"
"2024-11-05","GradientBoosting","0.962106760828912","11","11","2024"
"2024-11-06","GradientBoosting","0.962114469687197","11","11","2024"
"2024-11-07","GradientBoosting","0.962114469687197","11","11","2024"
"2024-11-08","GradientBoosting","0.962064787959599","11","11","2024"
"2024-11-12","GradientBoosting","0.962064787959599","11","11","2024"
"2024-11-13","GradientBoosting","0.962064787959599","11","11","2024"
"2024-11-14","GradientBoosting","0.962113847595052","11","11","2024"
"2024-11-15","GradientBoosting","0.964494786223417","11","11","2024"
"2024-11-18","GradientBoosting","0.964567728243595","11","11","2024"
"2024-11-19","GradientBoosting","0.964879942443344","11","11","2024"
"2024-11-20","GradientBoosting","0.96439318205981","11","11","2024"
"2024-11-21","GradientBoosting","0.964564857368879","11","11","2024"
"2024-11-22","GradientBoosting","0.964414282389137","11","11","2024"
"2024-11-25","GradientBoosting","0.96448810303081","11","11","2024"
"2024-11-26","GradientBoosting","0.964583797533903","11","11","2024"
"2024-11-27","GradientBoosting","0.964583797533903","11","11","2024"
"2024-11-29","GradientBoosting","0.993112521289528","9","9","2024"
"2024-12-02","GradientBoosting","0.971870064853086","9","9","2024"
"2024-12-03","GradientBoosting","0.971949488583299","9","9","2024"
"2024-12-04","GradientBoosting","0.971830484867601","9","9","2024"
"2024-12-05","GradientBoosting","0.971843754573839","9","9","2024"
"2024-12-06","GradientBoosting","0.971664258343276","9","9","2024"
"2024-12-09","GradientBoosting","0.971350158299461","9","9","2024"
"2024-12-10","GradientBoosting","0.971542239646619","9","9","2024"
"2024-12-11","GradientBoosting","0.971603699540183","9","9","2024"
"2024-12-12","GradientBoosting","0.971745781480448","9","9","2024"
"2024-12-13","GradientBoosting","0.971770256257238","9","9","2024"
"2024-12-16","GradientBoosting","0.971709258808444","9","9","2024"
"2024-12-17","GradientBoosting","0.971987328302295","9","9","2024"
"2024-12-18","GradientBoosting","0.972008944580899","9","9","2024"
"2024-12-19","GradientBoosting","0.972336490968675","9","9","2024"
"2024-12-20","GradientBoosting","0.972336490968675","9","9","2024"
"2024-12-23","GradientBoosting","0.972336490968675","9","9","2024"
"2024-12-26","GradientBoosting","0.97958305882691","10","10","2024"
"2024-12-27","GradientBoosting","0.99193383984513","10","10","2024"
"2024-12-30","GradientBoosting","0.991924037242593","10","10","2024"
"2024-12-31","GradientBoosting","0.99187110649888","10","10","2024"
"2025-01-06","GradientBoosting","0.991644338611062","10","10","2025"
"2025-01-07","GradientBoosting","0.99158966349633","10","10","2025"
"2025-01-08","GradientBoosting","0.99158966349633","10","10","2025"
"2025-01-10","GradientBoosting","0.991760547686053","10","10","2025"
"2025-01-13","GradientBoosting","0.9918907683135","10","10","2025"
"2025-01-14","GradientBoosting","0.9918907683135","10","10","2025"
"2025-01-15","GradientBoosting","0.991754941271487","10","10","2025"
"2025-01-16","GradientBoosting","0.991863103830294","10","10","2025"
"2025-01-17","GradientBoosting","0.991897839333509","10","10","2025"
"2025-01-21","GradientBoosting","0.991661118547031","10","10","2025"
"2025-01-22","GradientBoosting","0.992448237877539","10","10","2025"
"2025-01-23","GradientBoosting","0.992448237877539","10","10","2025"
"2025-01-24","GradientBoosting","0.992448237877539","10","10","2025"
"2025-01-27","GradientBoosting","0.992448237877539","10","10","2025"
"2025-01-28","GradientBoosting","0.995953197392218","9","9","2025"
"2025-01-29","GradientBoosting","0.999189783258631","9","9","2025"
"2025-01-30","GradientBoosting","0.999245683837409","9","9","2025"
"2025-01-31","GradientBoosting","0.999245683837409","9","9","2025"
"2025-02-03","GradientBoosting","0.999125025372089","9","9","2025"
"2025-02-04","GradientBoosting","0.999272813151198","9","9","2025"
"2025-02-05","GradientBoosting","0.999272813151198","9","9","2025"
"2025-02-06","GradientBoosting","0.999488419950527","9","9","2025"
"2025-02-07","GradientBoosting","0.999488419950527","9","9","2025"
"2025-02-10","GradientBoosting","0.999488419950527","9","9","2025"
"2025-02-11","GradientBoosting","0.999457722820928","9","9","2025"
"2025-02-12","GradientBoosting","0.999478705242715","9","9","2025"
"2025-02-13","GradientBoosting","0.999478705242715","9","9","2025"
"2025-02-14","GradientBoosting","0.999478705242715","9","9","2025"
"2025-02-18","GradientBoosting","1.00840150209938","9","9","2025"
"2025-02-19","GradientBoosting","1.00840150209938","9","9","2025"
"2025-02-20","GradientBoosting","1.00847921310943","9","9","2025"
"2025-02-21","GradientBoosting","1.00847921310943","9","9","2025"
"2025-02-24","GradientBoosting","1.00851807547688","9","9","2025"
"2025-02-25","GradientBoosting","1.00851807547688","9","9","2025"
"2025-02-26","GradientBoosting","1.00864099053962","9","9","2025"
"2025-02-27","GradientBoosting","1.00869300699188","9","9","2025"
"2025-02-28","GradientBoosting","1.00869300699188","9","9","2025"
"2025-03-03","GradientBoosting","1.00869300699188","9","9","2025"
"2025-03-04","GradientBoosting","1.00865698216343","9","9","2025"
"2025-03-05","GradientBoosting","1.00865698216343","9","9","2025"
"2025-03-06","GradientBoosting","0.992965914674633","9","9","2025"
"2025-03-07","GradientBoosting","1.00223681367031","9","9","2025"
"2025-03-10","GradientBoosting","1.00209750326716","9","9","2025"
"2025-03-11","GradientBoosting","1.00209750326716","9","9","2025"
"2025-03-12","GradientBoosting","1.00221816173248","9","9","2025"
"2025-03-13","GradientBoosting","1.0021622611537","9","9","2025"
"2025-03-14","GradientBoosting","1.00224672381385","9","9","2025"
"2025-03-17","GradientBoosting","1.00232174979012","9","9","2025"
"2025-03-18","GradientBoosting","1.00234722042902","9","9","2025"
"2025-03-19","GradientBoosting","1.00230312400383","9","9","2025"
"2025-03-20","GradientBoosting","1.00230312400383","9","9","2025"
"2025-03-21","GradientBoosting","1.00230312400383","9","9","2025"
"2025-03-24","GradientBoosting","1.00223942222409","9","9","2025"
"2025-03-25","GradientBoosting","1.00226663165732","9","9","2025"
"2025-03-26","GradientBoosting","1.0023495803428","9","9","2025"
"2025-03-27","GradientBoosting","1.00243723921391","9","9","2025"
"2025-03-28","GradientBoosting","1.00243723921391","9","9","2025"
"2025-03-31","GradientBoosting","1.00248857827274","9","9","2025"
"2025-04-01","GradientBoosting","1.002565626014","9","9","2025"
"2025-04-02","GradientBoosting","0.948762069701429","9","9","2025"
"2025-04-03","GradientBoosting","0.991949771664534","9","9","2025"
"2025-04-04","GradientBoosting","0.991825085950789","9","9","2025"
"2025-04-07","GradientBoosting","0.992166432278395","9","9","2025"
"2025-04-08","GradientBoosting","0.992025956965508","9","9","2025"
"2025-04-09","GradientBoosting","0.991999319778406","9","9","2025"
"2025-04-10","GradientBoosting","0.991518625404065","9","9","2025"
"2025-04-11","GradientBoosting","0.990938627232477","9","9","2025"
"2025-04-14","GradientBoosting","0.990773186228128","9","9","2025"
"2025-04-15","GradientBoosting","0.990794040441149","9","9","2025"
"2025-04-16","GradientBoosting","0.990807862437619","9","9","2025"
"2025-04-17","GradientBoosting","0.99090870105628","9","9","2025"
"2025-04-18","GradientBoosting","0.990996013492144","9","9","2025"
"2025-04-21","GradientBoosting","0.991538642658982","9","9","2025"
"2025-04-22","GradientBoosting","0.99186123291337","9","9","2025"
"2025-04-23","GradientBoosting","0.991807920605727","9","9","2025"
"2025-04-24","GradientBoosting","0.991864885039773","9","9","2025"
"2025-04-25","GradientBoosting","0.991812410270949","9","9","2025"
"2025-04-28","GradientBoosting","0.991533373159232","9","9","2025"
"2025-04-29","GradientBoosting","0.991533373159232","9","9","2025"
"2025-04-30","GradientBoosting","0.991497348330787","9","9","2025"
"2025-05-01","GradientBoosting","0.991408863978934","9","9","2025"
"2025-05-02","GradientBoosting","0.991365533290316","9","9","2025"
"2025-05-05","GradientBoosting","0.991391926097174","9","9","2025"
"2025-05-06","GradientBoosting","0.991341624797197","9","9","2025"
"2025-05-07","GradientBoosting","0.991341624797197","9","9","2025"
"2025-05-08","GradientBoosting","1.02393553036437","9","9","2025"
"2025-05-09","GradientBoosting","1.02453188213186","9","9","2025"
"2025-05-12","GradientBoosting","1.0245016052978","9","9","2025"
"2025-05-13","GradientBoosting","1.02451461711611","9","9","2025"
"2025-05-14","GradientBoosting","1.02444407255403","9","9","2025"
"2025-05-15","GradientBoosting","1.02445952279671","9","9","2025"
"2025-05-16","GradientBoosting","1.02424465240689","9","9","2025"
"2025-05-19","GradientBoosting","1.02413336688093","9","9","2025"
"2025-05-20","GradientBoosting","1.02421743365633","9","9","2025"
"2025-05-21","GradientBoosting","1.02421063237799","9","9","2025"
"2025-05-22","GradientBoosting","1.02409761335133","9","9","2025"
"2025-05-27","GradientBoosting","1.02475752097483","9","9","2025"
"2025-05-28","GradientBoosting","1.02495884418681","9","9","2025"
"2025-05-29","GradientBoosting","1.02518277215117","9","9","2025"
"2025-05-30","GradientBoosting","1.02518277215117","9","9","2025"
"2025-06-02","GradientBoosting","1.02520916495803","9","9","2025"
"2025-06-03","GradientBoosting","1.02522881816915","9","9","2025"
"2025-06-04","GradientBoosting","1.02522881816915","9","9","2025"
"2025-06-05","GradientBoosting","1.02528213047679","9","9","2025"
"2025-06-06","GradientBoosting","1.02538581214509","9","9","2025"
"2025-06-09","GradientBoosting","1.02538581214509","9","9","2025"
"2025-06-10","GradientBoosting","1.02539261342344","9","9","2025"
"2025-06-11","GradientBoosting","1.02539702320961","9","9","2025"
"2025-06-12","GradientBoosting","1.02540038415977","9","9","2025"
"2025-06-13","GradientBoosting","1.02555941052295","9","9","2025"
"2025-06-16","GradientBoosting","1.02555941052295","9","9","2025"
"2025-06-17","GradientBoosting","1.02560545654093","9","9","2025"
"2025-06-18","GradientBoosting","1.02633742484898","9","9","2025"
"2025-06-20","GradientBoosting","1.02633742484898","9","9","2025"
"2025-06-23","GradientBoosting","0.976705849324796","9","9","2025"
"2025-06-24","GradientBoosting","0.980019846046387","9","9","2025"
"2025-06-25","GradientBoosting","0.979321518092493","9","9","2025"
"2025-06-26","GradientBoosting","0.979523787906496","9","9","2025"
"2025-06-27","GradientBoosting","0.979408781503703","9","9","2025"
"2025-06-30","GradientBoosting","0.979452112192321","9","9","2025"
"2025-07-01","GradientBoosting","0.976639176442236","9","9","2025"
"2025-07-02","GradientBoosting","0.976639176442236","9","9","2025"
"2025-07-03","GradientBoosting","0.976331922444492","9","9","2025"
"2025-07-07","GradientBoosting","0.97632464235721","9","9","2025"
"2025-07-08","GradientBoosting","0.975870352739573","9","9","2025"
"2025-07-09","GradientBoosting","0.976294574394771","9","9","2025"
"2025-07-10","GradientBoosting","0.976294574394771","9","9","2025"
"2025-07-11","GradientBoosting","0.97703541816865","9","9","2025"
"2025-07-14","GradientBoosting","0.968311111954435","8","8","2025"
"2025-07-15","GradientBoosting","1.06833919637356","8","8","2025"
"2025-07-16","GradientBoosting","1.05849831251458","8","8","2025"
"2025-07-17","GradientBoosting","1.05927190106166","8","8","2025"
"2025-07-18","GradientBoosting","1.05791620696476","8","8","2025"
"2025-07-21","GradientBoosting","1.05790270859442","8","8","2025"
"2025-07-22","GradientBoosting","1.05783336662439","8","8","2025"
"2025-07-23","GradientBoosting","1.10925031666734","7","7","2025"
"2025-07-24","GradientBoosting","1.10861479362349","7","7","2025"
"2025-07-25","GradientBoosting","1.10861479362349","7","7","2025"
"2025-07-28","GradientBoosting","1.10861479362349","7","7","2025"
"2025-07-29","GradientBoosting","1.10413686009215","7","7","2025"
"2025-07-30","GradientBoosting","1.1069822816943","7","7","2025"
"2025-07-31","GradientBoosting","1.11661277448381","7","7","2025"
"2025-08-01","GradientBoosting","1.11749550928523","7","7","2025"
"2025-08-04","GradientBoosting","1.11749550928523","7","7","2025"
"2025-08-05","GradientBoosting","1.11750700345862","7","7","2025"
"2025-08-06","GradientBoosting","1.11743845906308","7","7","2025"
"2025-08-07","GradientBoosting","1.11744995323647","7","7","2025"
"2025-08-08","GradientBoosting","1.11744995323647","7","7","2025"
"2025-08-11","GradientBoosting","1.11727969560943","7","7","2025"
"2025-08-12","GradientBoosting","1.1176543297118","7","7","2025"
"2025-08-13","GradientBoosting","1.1176543297118","7","7","2025"
"2025-08-14","GradientBoosting","1.11542334463899","7","7","2025"
"2025-08-15","GradientBoosting","1.11369154094824","7","7","2025"
"2025-08-18","GradientBoosting","1.11369154094824","7","7","2025"
"2025-08-19","GradientBoosting","1.11348168552604","7","7","2025"
"2025-08-20","GradientBoosting","1.11345166211342","7","7","2025"
"2025-08-21","GradientBoosting","1.10761800591128","7","7","2025"
"2025-08-22","GradientBoosting","1.10761800591128","7","7","2025"
"2025-08-25","GradientBoosting","1.10761800591128","7","7","2025"
"2025-08-26","GradientBoosting","1.10761800591128","7","7","2025"
"2025-08-27","GradientBoosting","1.10761800591128","7","7","2025"
"2025-08-28","GradientBoosting","1.10943299882516","7","7","2025"
"2025-08-29","GradientBoosting","1.10759174784525","7","7","2025"
"2025-09-02","GradientBoosting","1.10857647393187","7","7","2025"
"2025-09-03","GradientBoosting","1.10857647393187","7","7","2025"
"2025-09-04","GradientBoosting","1.1101773751352","7","7","2025"
"2025-09-05","GradientBoosting","1.1101773751352","7","7","2025"
"2025-09-08","GradientBoosting","1.11134704663247","7","7","2025"
"2025-09-09","GradientBoosting","1.11097504353011","7","7","2025"
"2025-09-10","GradientBoosting","1.1119281735678","7","7","2025"
"2025-09-11","GradientBoosting","1.11023601009228","7","7","2025"
"2025-09-12","GradientBoosting","1.11011058628635","7","7","2025"
"2025-09-15","GradientBoosting","1.11011058628635","7","7","2025"
"2025-09-16","GradientBoosting","1.11011058628635","7","7","2025"
"2025-09-17","GradientBoosting","1.11011058628635","7","7","2025"
"2025-09-18","GradientBoosting","1.11180663767151","7","7","2025"
"2025-09-19","GradientBoosting","1.08398737591078","7","7","2025"
"2025-09-22","GradientBoosting","1.08734201707362","7","7","2025"
"2025-09-23","GradientBoosting","1.08734201707362","7","7","2025"
"2025-09-24","GradientBoosting","1.08734201707362","7","7","2025"
"2025-09-25","GradientBoosting","1.08261904048326","7","7","2025"
"2025-09-26","GradientBoosting","1.08248304959414","7","7","2025"
"2025-09-29","GradientBoosting","1.0782715242574","7","7","2025"
"2025-09-30","GradientBoosting","1.07063229845353","7","7","2025"
"2025-10-01","GradientBoosting","1.06973985395715","7","7","2025"
"2025-10-02","GradientBoosting","1.06973985395715","7","7","2025"
"2025-10-03","GradientBoosting","1.06965119595178","7","7","2025"
"2025-10-06","GradientBoosting","1.06426033855177","7","7","2025"
"2025-10-07","GradientBoosting","1.06426033855177","7","7","2025"
"2025-10-08","GradientBoosting","1.06898331514213","7","7","2025"
"2025-10-09","GradientBoosting","1.06898331514213","7","7","2025"
"2025-10-10","GradientBoosting","1.06898331514213","7","7","2025"
"2025-10-14","GradientBoosting","1.06233992529853","7","7","2025"
"2025-10-15","GradientBoosting","1.06355777139287","7","7","2025"
"2025-10-16","GradientBoosting","0.955275321365076","10","10","2025"
"2025-10-17","GradientBoosting","0.868244441983842","10","10","2025"
"2025-10-20","GradientBoosting","0.872401425775667","10","10","2025"
"2025-10-21","GradientBoosting","0.880900491714139","10","10","2025"
"2025-10-22","GradientBoosting","0.88101371918781","10","10","2025"
"2025-10-23","GradientBoosting","0.878264490624908","10","10","2025"
"2025-10-24","GradientBoosting","0.878065721627359","10","10","2025"
"2025-10-27","GradientBoosting","0.878361110196693","10","10","2025"
"2025-10-28","GradientBoosting","0.878074153836376","10","10","2025"
"2025-10-29","GradientBoosting","0.877809401746995","10","10","2025"
"2025-10-30","GradientBoosting","0.883972893485766","10","10","2025"
"2025-10-31","GradientBoosting","0.883573686253756","10","10","2025"
"2025-11-03","GradientBoosting","0.909347130428537","10","10","2025"
"2025-11-04","GradientBoosting","0.901546694014858","10","10","2025"
"2025-11-05","GradientBoosting","0.908986402478604","10","10","2025"
"2025-11-06","GradientBoosting","0.909381010702725","10","10","2025"
"2025-11-10","GradientBoosting","0.909333783410783","10","10","2025"
"2025-11-12","GradientBoosting","0.909394525886676","10","10","2025"
"2025-11-13","GradientBoosting","0.909388747934513","10","10","2025"
"2025-11-14","GradientBoosting","0.907186187423843","10","10","2025"
"2025-11-17","GradientBoosting","0.90908450623242","10","10","2025"
"2025-11-18","GradientBoosting","0.909261869681221","10","10","2025"
"2025-11-19","GradientBoosting","0.909261869681221","10","10","2025"
"2025-11-20","GradientBoosting","0.909261869681221","10","10","2025"
"2025-11-21","GradientBoosting","0.909455142414345","10","10","2025"
"2025-11-24","GradientBoosting","0.910525847371989","10","10","2025"
"2025-11-25","GradientBoosting","0.995357498083613","10","10","2025"
"2025-11-26","GradientBoosting","0.973479289284988","10","10","2025"
"2025-11-28","GradientBoosting","0.967644611833146","10","10","2025"
"2025-12-01","GradientBoosting","0.968042957790293","10","10","2025"
"2025-12-02","GradientBoosting","0.967685632082271","10","10","2025"
"2025-12-03","GradientBoosting","0.968793043013198","10","10","2025"
"2025-12-04","GradientBoosting","0.965218753935391","10","10","2025"
"2025-12-05","GradientBoosting","0.965133157203917","10","10","2025"
"2025-12-08","GradientBoosting","0.965442823541799","10","10","2025"
"2025-12-09","GradientBoosting","0.965726109215846","10","10","2025"
"2025-12-10","GradientBoosting","0.965899598940189","10","10","2025"
"2025-12-11","GradientBoosting","0.965625337988902","10","10","2025"
"2025-12-12","GradientBoosting","0.965403913403039","10","10","2025"
"2025-12-15","GradientBoosting","0.965492204794944","10","10","2025"
"2025-12-16","GradientBoosting","1.06160478585451","10","10","2025"
"2025-12-17","GradientBoosting","1.00443695745979","10","10","2025"
"2025-12-18","GradientBoosting","1.00635800648413","10","10","2025"
"2025-12-19","GradientBoosting","1.00669073647702","10","10","2025"
"2025-12-22","GradientBoosting","1.00698333925602","10","10","2025"
"2025-12-23","GradientBoosting","1.00714224239571","10","10","2025"
"2025-12-29","GradientBoosting","1.00631301592036","10","10","2025"
"2025-12-30","GradientBoosting","1.00611687407593","10","10","2025"
"2025-12-31","GradientBoosting","1.00574407859443","10","10","2025"
